text,intent
please send me your whatsapp number for apartment in giga mall.,lead_capture
I want to lodge a formal complaint against the agent for Emaar Plot!,escalation
Get a human online right now token payment stuck for Blue Area Sector!,escalation
Can you share the broker number for Clifton Luxury Villa?,lead_capture
"My payment of PKR PKR for Token Money is stuck, fix it now!",escalation
What is the current market rate for 2 Kanal Plot in Gulberg?,faq
how much is the token money for emaar commercial shop?,faq
Can I get a 2 Kanal Luxury Villa on an installment plan in Johar Town,faq
Interested in 2 BHK Sector in Blue Area. Please call back on +92 321 9876543.,lead_capture
i want to visit bahria town this weekend to see 4 bhk penthouse luxury villas.,lead_capture
Urgent complaint regarding the transfer fee for DHA House!,escalation
"my payment of lakhs lakhs for transfer fee is stuck, fix it now!",escalation
"i am reporting this to the society head, the registry process is a scam!",escalation
Please WhatsApp me the details of 3 BHK Plot in Gulberg at 0312 7654321.,lead_capture
"my payment of crores crores for down paymnt is stuck, fix it now!",escalation
I want a call back regarding 4 BHK penthouse House in Bahria Town.,lead_capture
can you give me the dimensions of a studio luxury villa in giga mall?,faq
I've emailed three times about my 2 Kanal House in DHA and no response!,escalation
Is Giga Mall Phase currently in possession?,faq
What is the security situation in Gulberg Commercial Shop?,faq
Send me the current prce list for 3 BHK Plot File in Giga Mall.,lead_capture
What are teh Down Payment for a Studio Luxury Villa in Bahria Town?,faq
i want to cancel my booking for 2 kanal sector in johar town because of this bad service!,escalation
"i want to book a 2 bhk commercial shop in giga mall, call me at 0312 7654321.",lead_capture
"My payment of PKR PKR for Registry is stuck, fix it now!",escalation
Why is my Token Money delayed for Bahria Town Apartment?,escalation
interested in studio apartment in clifton. please call back on +92 321 9876543.,lead_capture
WHAT IS THE SECURITY SITUATION IN EMAAR HOUSE?,faq
urgent: my down payment failed but money was deducted for giga mall commercial shop!,escalation
"My payment of PKR PKR for Transfer fee is stuck, fix it now!",escalation
is there an available 2 bhk plot file in giga mall for immediate sale,lead_capture
i want to visit blue area this weekend to see 5 marla plot files.,lead_capture
Can I get a 2 Kanal Plot File on an installment plan in Emaar?,faq
Urgent: my Registry failed but money was deducted for Blue Area Plot File!,escalation
I want to lodge a formal complaint against the agent for DHA Apartment!,escalation
why is my registry delayed for gulberg plot file,escalation
"i'm very interested in the 4 bhk penthouse sector in clifton, how do i proceed?",lead_capture
"my payment of pkr pkr for transfer fee is stuck, fix it now!",escalation
Is Clifton Apartment currently in possession?,faq
Interested in 10 Marla Plot File in Giga Mall. Please call back on 0345 5566778.,lead_capture
I want to invest in Bahria Town Phase. Do you have any 5 Marla options?,lead_capture
Can you share the broker number for Emaar Apartment?,lead_capture
Are there any Studio Commercial Shop available in Gulberg?,faq
I paid the Installment Plan for Emaar Plot File and it's still not updated!,escalation
can i get a 2 kanal house on an installment plan in clifton?,faq
I want to lodge a formal complaint against the agent for Johar Town Luxury Villa!,escalation
Can you share the broker number for Bahria Town Apartment?,lead_capture
i want to lodge a formal complaint against the agent for gulberg phase!,escalation
I am interested in buying a 10 Marla Plot in Blue Area.,lead_capture
I've emailed three times about my 2 Kanal Commercial Shop in Clifton and no response!,escalation
how many 2 kanal sector are left in gulberg sector?,faq
I paid the Registry for Giga Mall Plot and it's still not updated!,escalation
Can you give me the dimensions of a 10 Marla Plot File in Bahria Town?,faq
"This bot is useless, connect me to the manager of Emaar society!",escalation
your agent promised me token money by today but nothing happened!,escalation
my down payment for blue area phase was deducted but no confirmation received.,escalation
Send me the current prce list for 4 BHK penthouse Phase in Johar Town.,lead_capture
I want to know about the paymnt plan for 5 Marla Luxury Villa in Emaar.,faq
I want to cancel my booking for 10 Marla Plot File in Johar Town because of this bad service!,escalation
I've emailed three times about my 2 Kanal Sector in Blue Area and no response!,escalation
is the 4 bhk penthouse house in blue area near any main road?,faq
How many 2 Kanal Sector are left in Bahria Town Sector?,faq
I want to cancel my booking for Studio Plot File in Johar Town because of this bad service!,escalation
i want to cancel my booking for 2 bhk commercial shop in emaar because of this bad service!,escalation
How much is the Token Money for Bahria Town House,faq
How many 2 BHK Sector are left in Blue Area Sector?,faq
Can you share the broker number for Giga Mall Commercial Shop?,lead_capture
how much is the possession charges for gulberg plot file?,faq
what are the transfer fee for a 10 marla phase in gulberg?,faq
Can you share the broker number for Blue Area Phase,lead_capture
i want to lodge a formal complaint against the agent for johar town sector!,escalation
What is the current market rate for 10 Marla Plot in Clifton?,faq
Why is my Token Money delayed for Johar Town Commercial Shop?,escalation
I would like to book an appointment for a site visit in Clifton.,lead_capture
What is teh possession timeline for Studio Plot File in Blue Area?,faq
are there any 5 marla sector available in clifton?,faq
I am looking for a 4 BHK penthouse Plot in Bahria Town. Please contact me at client123@yahoo.com.,lead_capture
does teh 3 bhk commercial shop in dha have gym?,faq
What is the security situation in DHA Luxury Villa?,faq
What is the current market rate for 5 Marla Apartment in Johar Town?,faq
"I am reporting this to the society head, the Token Money process is a scam!",escalation
what is the transfer fee for blue area house?,faq
Why is my Down Paymnt delayed for Emaar House?,escalation
Tell me the difference between 3 BHK and 3 BHK in DHA.,faq
Why is the Transfer fee not reflecting in my portal for Clifton Commercial Shop?,escalation
can you share teh broker number for emaar apartment?,lead_capture
How many 4 BHK penthouse Luxury Villa are left in Bahria Town Luxury Villa,faq
Can I get a 2 Kanal Phase on an installment plan in Giga Mall?,faq
Can you arrange a meeting with the agent for Bahria Town Sector?,lead_capture
My Token Money for Emaar Phase was deducted but no confirmation received.,escalation
I want to cancel my booking for 4 BHK penthouse House in Emaar because of this bad service!,escalation
i will not pay the token money until a human explains the delay!,escalation
Send me the current price list for 5 Marla Phase in Gulberg.,lead_capture
Can you share the broker number for Emaar Luxury Villa?,lead_capture
Urgent complaint regarding the transfer fee for Gulberg House!,escalation
I want to lodge a formal complaint against the agent for Giga Mall Plot!,escalation
Can I book a physical site-tour for DHA Luxury Villa?,lead_capture
Is Gulberg Phase currently in possession?,faq
Why is the Down Payment not reflecting in my portal for Bahria Town Plot?,escalation
How many 4 BHK penthouse Commercial Shop are left in Emaar Commercial Shop?,faq
I want to visit Emaar this weekend to see 2 BHK Apartments.,lead_capture
Tell me the difference between Studio and Studio in DHA.,faq
I paid the Down Payment for Giga Mall House and it's still not updated!,escalation
my transfer fee for emaar phase was deducted but no confirmation received.,escalation
How many 3 BHK Plot File are left in Gulberg Plot File,faq
I paid teh Token Money for Johar Town Apartment and it's still not updated!,escalation
send me the current price list for studio commercial shop in clifton.,lead_capture
I am interested in buying a 10 Marla Plot in Johar Town.,lead_capture
Is the 2 BHK Sector in Clifton near any main road?,faq
"I'M VERY INTERESTED IN THE 1 KANAL SECTOR IN EMAAR, HOW DO I PROCEED?",lead_capture
what is the security situation in dha luxury villa?,faq
What is the total price of a 4 BHK penthouse Commercial Shop in Emaar?,faq
Can I get a 3 BHK Plot File on an installment plan in Emaar?,faq
Can you arrange a meeting with the agent for Emaar Apartment,lead_capture
"I'm very interested in the 5 Marla Phase in Emaar, how do I proceed?",lead_capture
what are the amenities provided in bahria town plot?,faq
"MY PAYMENT OF PKR PKR FOR DOWN PAYMENT IS STUCK, FIX IT NOW!",escalation
I want to lodge a formal complaint against the agent for Bahria Town House!,escalation
what is the total price of a 2 bhk sector in johar town?,faq
"I want to book a 4 BHK penthouse Phase in Giga Mall, call me at +92 321 9876543.",lead_capture
Are there any 1 Kanal Sector available in Clifton?,faq
Are there any 10 Marla Commercial Shop available in Clifton?,faq
I want to cancel my booking for 1 Kanal Phase in Emaar because of this bad service!,escalation
What is the transfer fee for Clifton Commercial Shop?,faq
I want a call back regarding 10 Marla Plot File in Clifton.,lead_capture
What is the total price of a 5 Marla Luxury Villa in Bahria Town?,faq
i want a call back regarding 2 bhk phase in gulberg.,lead_capture
ARE THERE ANY 1 KANAL PHASE AVAILABLE IN GIGA MALL?,faq
i want to lodge a formal complaint against the agent for clifton luxury villa!,escalation
Are there any 2 Kanal House availabl in Bahria Town?,faq
i want to invest in johar town sector. do you have any 5 marla options?,lead_capture
What are the Down Payment for a 2 BHK Luxury Villa in Blue Area?,faq
Is Blue Area Plot File currently in possession?,faq
Urgent: my Down Payment failed but money was deducted for DHA Plot!,escalation
Urgent: my Installment Plan failed but money was deducted for Gulberg Apartment!,escalation
Are there any hidden Installment Plan for DHA Commercial Shop?,faq
How many 5 Marla Plot are left in Blue Area Plot?,faq
can you arrange a meeting with the agent for bahria town phase?,lead_capture
I have a budget of Crores Crores for a 10 Marla Plot in Clifton.,lead_capture
is gulberg apartment currently in possession?,faq
Is teh Bahria Town Plot File society approved by LDA or DHA?,faq
send me the current price list for 2 bhk apartment in dha.,lead_capture
I will not pay the Transfer fee until a human explains the delay!,escalation
I want to invest in Clifton Plot. Do you have any 1 Kanal options?,lead_capture
Is there an available 3 BHK Plot in Blue Area for immediate sale,lead_capture
Interested in 2 BHK House in DHA. Please call back on +92 321 9876543.,lead_capture
Tell me the difference between 1 Kanal and 1 Kanal in Blue Area.,faq
urgent complaint regarding the transfer fee for gulberg house!,escalation
How much is the Token Money for Blue Area Commercial Shop?,faq
I want to lodge a formal complaint against the agent for Giga Mall Phase!,escalation
Is there an available 10 Marla Luxury Villa in Clifton for immediate sale?,lead_capture
I want to lodge a formal complaint against teh agent for Emaar Apartment!,escalation
I want to know about teh payment plan for 2 Kanal Luxury Villa in Gulberg.,faq
Please send me your WhatsApp number for Phase in Blue Area.,lead_capture
i want to cancel my booking for 1 kanal sector in bahria town because of this bad service!,escalation
Can I get a 3 BHK Plot File on an installment plan in Blue Area?,faq
"I am losing my patience, put me through to a supervisor right now!",escalation
My Installment Plan for DHA Plot was deducted but no confirmation received.,escalation
I've emailed three times about my 1 Kanal Sector in Blue Area and no response!,escalation
What are teh amenities provided in Clifton Apartment?,faq
i paid the down payment for bahria town phase and it's still not updated!,escalation
I've emailed three times about my 5 Marla Commercial Shop in Emaar and no response!,escalation
"I am looking for a luxury Apartment in Bahria Town, can you help?",lead_capture
I've emailed three times about my 10 Marla House in Emaar and no response!,escalation
I am interested in buying a 3 BHK Plot File in Bahria Town.,lead_capture
Tell me about the Token Money for Bahria Town Apartment.,faq
tell me the difference between 5 marla and 5 marla in emaar.,faq
CAN I BOOK A PHYSICAL SITE-TOUR FOR EMAAR LUXURY VILLA?,lead_capture
Is the 1 Kanal Plot File in Johar Town near any main road?,faq
interested in 4 bhk penthouse plot in dha. please call back on 0333 1122334.,lead_capture
"MY PAYMENT OF PKR PKR FOR INSTALLMENT PLAN IS STUCK, FIX IT NOW!",escalation
Get a human online right now token payment stuck for Emaar Apartment!,escalation
Does the Studio Sector in Clifton have gym?,faq
Why is the Down Payment not reflecting in my portal for Giga Mall Plot?,escalation
I am looking for a 2 BHK Commercial Shop in Blue Area. Please contact me at investor.pk@gmail.com.,lead_capture
Stop sending me automated messages and connect me to a real person!,escalation
"i am looking for a luxury commercial shop in giga mall, can you help?",lead_capture
What is the possession timeline for 5 Marla House in Emaar?,faq
Interested in 5 Marla Plot File in Johar Town. Please call back on 0333 1122334.,lead_capture
Please send me the full brochure and payment plan for DHA Sector on my email realestate.buyer@outlook.com.,lead_capture
What is the current market rate for 1 Kanal Phase in Clifton?,faq
Why is my Token Money delayed for Giga Mall Plot?,escalation
Does the 10 Marla Phase in Giga Mall have water,faq
i want to cancel my booking for 2 bhk commercial shop in gulberg because of this bad service!,escalation
Urgent complaint regarding the transfer fee for Johar Town Apartment!,escalation
I've emailed three times about my 3 BHK Plot in Gulberg and no response!,escalation
Can I book a physical site-tour for Giga Mall Plot File?,lead_capture
DOES THE 4 BHK PENTHOUSE COMMERCIAL SHOP IN JOHAR TOWN HAVE PARK?,faq
Is the 4 BHK penthouse Luxury Villa in Gulberg near any main road?,faq
Urgent: my Down Payment failed but money was deducted for Bahria Town Phase!,escalation
"I am looking for a luxury House in Bahria Town, can you help",lead_capture
are there any 1 kanal phase available in dha?,faq
"I want to book a 10 Marla Luxury Villa in Emaar, call me at 0312 7654321.",lead_capture
I am interested in buying a 5 Marla Sector in Blue Area.,lead_capture
Why is my Down Payment delayed for Emaar Plot,escalation
Why is the Transfer fee not reflecting in my portal for Giga Mall Apartment?,escalation
i want to know about the payment plan for 2 kanal plot file in johar town.,faq
INTERESTED IN 10 MARLA PHASE IN EMAAR. PLEASE CALL BACK ON 0312 7654321.,lead_capture
Get a human online right now token payment stuck for Giga Mall Phase!,escalation
Can you arrange a meeting with the agent for Giga Mall House,lead_capture
I am looking for a 4 BHK penthouse Sector in Gulberg. Please contact me at client123@yahoo.com.,lead_capture
Tell me about the Possession charges for Blue Area Plot File.,faq
I would like to book an appointment for a site visit in Bahria Town.,lead_capture
Urgent complaint regarding teh transfer fee for DHA Plot File!,escalation
What is the security situation in Blue Area Plot File?,faq
I want to cancel my booking for 3 BHK Luxury Villa in Johar Town because of this bad service!,escalation
Interested in 5 Marla Sector in Giga Mall. Please call back on 0312 7654321.,lead_capture
I want to cancel my booking for 2 Kanal Commercial Shop in Emaar because of this bad service!,escalation
I HAVE A BUDGET OF CRORES CRORES FOR A 2 KANAL LUXURY VILLA IN EMAAR.,lead_capture
why is the installment plan not reflecting in my portal for johar town commercial shop?,escalation
What is the total price of a 2 BHK Phase in Bahria Town?,faq
I'm ready to pay teh Registry for a 4 BHK penthouse Plot File in Bahria Town.,lead_capture
I've emailed three times about my 3 BHK Plot File in Blue Area and no response!,escalation
I paid the Transfer fee for Johar Town Apartment and it's still not updated!,escalation
Is there an availabl 5 Marla Luxury Villa in Giga Mall for immediate sale?,lead_capture
I want to know about the payment plan for 2 BHK House in DHA.,faq
I am interested in buying a 10 Marla Plot File in Blue Area.,lead_capture
I want to visit DHA this weekend to see 2 BHK Plots.,lead_capture
i want to invest in emaar plot. do you have any 4 bhk penthouse options?,lead_capture
My Token Money for DHA Sector was deducted but no confirmation received.,escalation
what is teh security situation in emaar commercial shop?,faq
get a human online right now token payment stuck for giga mall house!,escalation
"This bot is useless, connect me to the manager of DHA society!",escalation
Is Giga Mall Apartment currently in possession?,faq
What is the security situation in Gulberg Commercial Shop,faq
How many 2 BHK Plot are left in Johar Town Plot?,faq
"This bot is useless, connect me to teh manager of Bahria Town society!",escalation
I paid the Down Payment for Bahria Town Plot File and it's still not updated!,escalation
"I want to book a 2 BHK Plot in Blue Area, call me at +92 300 1234567.",lead_capture
"i'm very interested in the 4 bhk penthouse luxury villa in dha, how do i proceed?",lead_capture
Can you share the broker number for Giga Mall Phase?,lead_capture
Please send me the full brochure and payment plan for Blue Area House on my email client123@yahoo.com.,lead_capture
Can you give me the dimensions of a Studio Commercial Shop in Blue Area?,faq
Is the Bahria Town Luxury Villa society approved by LDA or DHA,faq
Get a human online right now token payment stuck for Blue Area House!,escalation
Tell me about the Possession charges for Blue Area Luxury Villa.,faq
what is the security situation in bahria town apartment,faq
Urgent complaint regarding the transfer fee for Emaar House!,escalation
get a human online right now token payment stuck for blue area phase!,escalation
I'm ready to pay the Down Payment for a 5 Marla Plot in DHA.,lead_capture
I'm ready to pay the Token Money for a 2 Kanal Plot in Blue Area.,lead_capture
Can I book a physical site-tour for Johar Town Sector?,lead_capture
Are there any hidden Transfer fee for Clifton Sector?,faq
I am interested in buying a 5 Marla Commercial Shop in Blue Area.,lead_capture
What is the possession timeline for 2 BHK House in Emaar?,faq
is emaar sector currently in possession?,faq
"I want to book a 3 BHK House in Clifton, call me at +92 321 9876543.",lead_capture
i've emailed three times about my 3 bhk luxury villa in emaar and no response!,escalation
Urgent: my Possession charges failed but money was deducted for Clifton Phase!,escalation
I've emailed three times about my 3 BHK Sector in Clifton and no response!,escalation
I would like to book an appointment for a site visit in Johar Town.,lead_capture
"I am looking for a luxury Luxury Villa in Bahria Town, can you help?",lead_capture
What is the transfer fee for Giga Mall Plot?,faq
Why is the Down Payment not reflecting in my portal for Johar Town Phase?,escalation
Your agent promised me Transfer fee by today but nothing happened!,escalation
I've emailed three times about my 2 Kanal Luxury Villa in Clifton and no response!,escalation
I've emailed three times about my Studio Apartment in Clifton and no response!,escalation
"i am looking for a luxury phase in bahria town, can you help?",lead_capture
What are the Installment Plan for a 4 BHK penthouse Commercial Shop in Clifton?,faq
I want to know about the payment plan for 10 Marla Plot in DHA.,faq
Is there an available 4 BHK penthouse House in Giga Mall for immediate sale?,lead_capture
Can you arrange a meeting with the agent for Emaar Phase?,lead_capture
My Down Payment for Giga Mall House was deducted but no confirmation received.,escalation
"I want to book a 5 Marla Phase in Blue Area, call me at +92 321 9876543.",lead_capture
tell me about the possession charges for clifton phase.,faq
Get a human online right now token payment stuck for Giga Mall Plot File!,escalation
what is the possession timeline for 5 marla plot in emaar?,faq
Is the Johar Town Luxury Villa society approved by LDA or DHA?,faq
i paid the possession charges for emaar commercial shop and it's still not updated!,escalation
Is teh Gulberg Plot society approved by LDA or DHA?,faq
What is the transfer fee for Johar Town Luxury Villa?,faq
Tell me about the Down Payment for Clifton Plot.,faq
what is the transfer fee for gulberg plot file?,faq
Does the 3 BHK House in Johar Town have underground parking,faq
my transfer fee for gulberg plot file was deducted but no confirmation received.,escalation
I am looking for a 10 Marla Commercial Shop in Clifton. Please contact me at client123@yahoo.com.,lead_capture
Can you give me the dimensions of a 2 Kanal Commercial Shop in Clifton?,faq
I would like to book an appointment for a site visit in Emaar.,lead_capture
Can you give me the dimensions of a 1 Kanal House in Blue Area?,faq
Does teh 5 Marla Phase in Blue Area have security?,faq
I have a budget of Crores Crores for a 10 Marla Luxury Villa in Gulberg.,lead_capture
why is the transfer fee not reflecting in my portal for dha house?,escalation
Are there any hidden Transfer fee for Giga Mall Commercial Shop?,faq
I want to visit Giga Mall this weekend to see 2 BHK Plots.,lead_capture
can you give me the dimensions of a 2 kanal luxury villa in blue area,faq
I want to cancel my booking for 5 Marla Sector in DHA because of this bad service!,escalation
Are there any 4 BHK penthouse Commercial Shop available in Bahria Town?,faq
DOES THE 3 BHK PLOT FILE IN JOHAR TOWN HAVE SECURITY?,faq
I've emailed three times about my 5 Marla House in DHA and no response!,escalation
My Registry for Bahria Town Plot File was deducted but no confirmation received.,escalation
Can I get a 2 BHK Apartment on an installment plan in Clifton?,faq
I've emailed three times about my 10 Marla Luxury Villa in Blue Area and no response!,escalation
What is the total prce of a 10 Marla Plot File in Gulberg?,faq
"I want to book a 1 Kanal Plot in Gulberg, call me at +92 300 1234567.",lead_capture
i have a budget of crores crores for a 3 bhk plot in clifton.,lead_capture
What is the security situation in DHA Commercial Shop?,faq
Is the 2 Kanal Apartment in Giga Mall near any main road,faq
What is teh security situation in Clifton Sector?,faq
"I am reporting this to teh society head, teh Installment Plan process is a scam!",escalation
What is the security situation in Giga Mall Apartment,faq
i am looking for a studio apartment in bahria town. please contact me at realestate.buyer@outlook.com.,lead_capture
What is the security situation in Blue Area House?,faq
urgent: my transfer fee failed but money was deducted for johar town apartment!,escalation
I'm ready to pay the Down Payment for a 3 BHK Sector in Clifton.,lead_capture
Urgent: my Installment Plan failed but money was deducted for Gulberg Sector!,escalation
Are there any 4 BHK penthouse House available in Johar Town?,faq
URGENT COMPLAINT REGARDING THE TRANSFER FEE FOR BAHRIA TOWN APARTMENT!,escalation
Does teh 5 Marla Plot in DHA have underground parking?,faq
"I want to book a 10 Marla House in Johar Town, call me at 0312 7654321.",lead_capture
What is the possession timeline for 1 Kanal Sector in Giga Mall?,faq
What is the current market rate for 2 Kanal Sector in DHA?,faq
"I am looking for a luxury Luxury Villa in Giga Mall, can you help",lead_capture
can i book a physical site-tour for giga mall commercial shop?,lead_capture
Can you give me the dimensions of a 5 Marla House in Emaar,faq
What is the total price of a 2 BHK House in Gulberg?,faq
PLEASE SEND ME THE FULL BROCHURE AND PAYMNT PLAN FOR BLUE AREA COMMERCIAL SHOP ON MY EMAIL CLIENT123@YAHOO.COM.,lead_capture
"i'm very interested in the 2 bhk apartment in johar town, how do i proceed?",lead_capture
What is the current market rate for 10 Marla Plot File in Gulberg?,faq
what is the security situation in clifton plot?,faq
I am looking for a 2 BHK Plot in Johar Town. Please contact me at client123@yahoo.com.,lead_capture
Why is my Installment Plan delayed for Giga Mall Apartment?,escalation
Interested in 4 BHK penthouse Apartment in Johar Town. Please call back on 0345 5566778.,lead_capture
Why is the Token Money not reflecting in my portal for DHA Apartment?,escalation
can you give me the dimensions of a 2 bhk house in bahria town?,faq
stop sending me automated messages and connect me to a real person!,escalation
What is the transfer fee for DHA Phase?,faq
"This bot is useless, connect me to teh manager of Gulberg society!",escalation
what is the security situation in clifton commercial shop?,faq
I have a budget of Lakhs Lakhs for a Studio Luxury Villa in DHA.,lead_capture
Please WhatsApp me the details of 5 Marla Phase in DHA at 0345 5566778.,lead_capture
Is there an available 1 Kanal Phase in Gulberg for immediate sale?,lead_capture
What are the Token Money for a 5 Marla Phase in Emaar?,faq
Can you arrange a meeting with the agent for Emaar Plot,lead_capture
Why is my Token Money delayed for Blue Area Sector,escalation
Urgent: my Possession charges failed but money was deducted for DHA Phase!,escalation
"MY PAYMNT OF CRORES CRORES FOR INSTALLMENT PLAN IS STUCK, FIX IT NOW!",escalation
Urgent complaint regarding the transfer fee for DHA Sector!,escalation
"I am looking for a luxury Plot File in Gulberg, can you help?",lead_capture
What are teh amenities provided in Johar Town Plot File?,faq
send me teh current price list for 1 kanal sector in johar town.,lead_capture
Urgent: my Token Money failed but money was deducted for DHA Phase!,escalation
Tell me teh difference between 2 Kanal and 2 Kanal in Johar Town.,faq
Send me the current price list for 10 Marla Sector in Clifton.,lead_capture
"I am looking for a luxury Phase in DHA, can you help?",lead_capture
"I am looking for a luxury House in Blue Area, can you help?",lead_capture
Please send me teh full brochure and paymnt plan for DHA Commercial Shop on my email investor.pk@gmail.com.,lead_capture
What is the security situation in DHA Plot?,faq
Is the 10 Marla Apartment in Clifton near any main road?,faq
What is the total price of a 10 Marla Plot File in Bahria Town?,faq
I am interested in buying a 4 BHK penthouse Luxury Villa in Emaar.,lead_capture
Please WhatsApp me the details of 1 Kanal House in Clifton at +92 300 1234567.,lead_capture
Send me the current price list for 2 Kanal Phase in Bahria Town.,lead_capture
Why is my Token Money delayed for Johar Town Luxury Villa?,escalation
Send me the current price list for Studio Luxury Villa in Bahria Town.,lead_capture
"This bot is useless, connect me to teh manager of Johar Town society!",escalation
I want to cancel my booking for 4 BHK penthouse Apartment in Johar Town because of this bad service!,escalation
What is the current market rate for 3 BHK Luxury Villa in Gulberg?,faq
PLEASE SEND ME THE FULL BROCHURE AND PAYMENT PLAN FOR CLIFTON LUXURY VILLA ON MY EMAIL REALESTATE.BUYER@OUTLOOK.COM.,lead_capture
I paid the Registry for Clifton Commercial Shop and it's still not updated!,escalation
What is teh security situation in Giga Mall Luxury Villa?,faq
I want to cancel my booking for 1 Kanal Luxury Villa in Bahria Town because of this bad service!,escalation
Can you arrange a meeting with the agent for Emaar Plot?,lead_capture
"I'm very interested in the 1 Kanal Commercial Shop in Emaar, how do I proceed",lead_capture
what is the possession timeline for studio phase in bahria town?,faq
Please send me the full brochure and payment plan for Johar Town Plot File on my email client123@yahoo.com.,lead_capture
Are there any hidden Possession charges for Gulberg Commercial Shop?,faq
I want to visit DHA this weekend to see 10 Marla Phases.,lead_capture
"I want to book a 2 BHK Plot in Johar Town, call me at 0333 1122334.",lead_capture
Why is my Registry delayed for DHA Luxury Villa?,escalation
"I'm very interested in the 10 Marla Phase in Giga Mall, how do I proceed?",lead_capture
What are the amenities provided in DHA Sector,faq
Why is my Installment Plan delayed for Johar Town Plot File?,escalation
Are there any 3 BHK Luxury Villa available in DHA?,faq
i have a budget of lakhs lakhs for a studio commercial shop in blue area.,lead_capture
Tell me about the Possession charges for Emaar Apartment.,faq
What is the transfer fee for Gulberg Luxury Villa?,faq
I want to know about the payment plan for 2 Kanal Commercial Shop in Johar Town.,faq
Does the Studio House in Bahria Town have security?,faq
i would like to book an appointment for a site visit in bahria town.,lead_capture
I want to lodge a formal complaint against the agent for Emaar Plot File!,escalation
urgent: my down payment failed but money was deducted for gulberg apartment!,escalation
What is teh security situation in Giga Mall Commercial Shop,faq
Urgent: my Registry failed but money was deducted for Bahria Town Luxury Villa!,escalation
What are the Transfer fee for a 5 Marla House in Blue Area?,faq
urgent: my installment plan failed but money was deducted for clifton plot!,escalation
"This bot is useless, connect me to the manager of Blue Area society!",escalation
is teh dha phase society approved by lda or dha?,faq
my installment plan for clifton house was deducted but no confirmation received.,escalation
How many 4 BHK penthouse Plot File are left in Giga Mall Plot File?,faq
I'm ready to pay the Down Paymnt for a 2 BHK Apartment in Giga Mall.,lead_capture
"My payment of Lakhs Lakhs for Transfer fee is stuck, fix it now!",escalation
URGENT COMPLAINT REGARDING TEH TRANSFER FEE FOR BAHRIA TOWN LUXURY VILLA!,escalation
What is the total price of a 2 BHK Sector in Giga Mall?,faq
Tell me about the Down Payment for Johar Town Sector.,faq
I want to invest in Giga Mall Commercial Shop. Do you have any Studio options?,lead_capture
I've emailed three times about my 5 Marla Phase in DHA and no response!,escalation
Send me the current price list for 5 Marla Plot in Johar Town.,lead_capture
What are the amenities provided in Emaar House?,faq
"my paymnt of crores crores for registry is stuck, fix it now!",escalation
"i want to book a 4 bhk penthouse house in bahria town, call me at +92 300 1234567.",lead_capture
I WILL NOT PAY THE INSTALLMENT PLAN UNTIL A HUMAN EXPLAINS THE DELAY!,escalation
I've emailed three times about my 4 BHK penthouse Phase in Johar Town and no response!,escalation
Are there any hidden Token Money for Giga Mall Plot?,faq
What is the possession timeline for 2 Kanal House in Johar Town?,faq
"My payment of PKR PKR for Down Payment is stuck, fix it now!",escalation
Please send me your WhatsApp number for House in Gulberg.,lead_capture
Does the 3 BHK Plot in Johar Town have electricity?,faq
how much is the possession charges for gulberg plot?,faq
i want to visit emaar this weekend to see studio sectors.,lead_capture
I've emailed three times about my 3 BHK Plot File in DHA and no response!,escalation
I want a call back regarding 10 Marla Sector in Gulberg.,lead_capture
Is Giga Mall Sector currently in possession?,faq
I want to know about the payment plan for 3 BHK Commercial Shop in DHA.,faq
I want to cancel my booking for 3 BHK Sector in Blue Area because of this bad service!,escalation
"I'm very interested in the 4 BHK penthouse Plot in Bahria Town, how do I proceed",lead_capture
why is the transfer fee not reflecting in my portal for johar town luxury villa?,escalation
Can I book a physical site-tour for Bahria Town Plot File,lead_capture
What are the amenities provided in Clifton Phase?,faq
I'm ready to pay the Down Payment for a 1 Kanal Phase in Clifton.,lead_capture
"My payment of Crores Crores for Installment Plan is stuck, fix it now!",escalation
urgent complaint regarding the transfer fee for bahria town luxury villa!,escalation
My Possession charges for DHA Sector was deducted but no confirmation received.,escalation
does teh 3 bhk apartment in gulberg have underground parking?,faq
i want to invest in johar town phase. do you have any 1 kanal options?,lead_capture
What is the current market rate for Studio Sector in Giga Mall?,faq
Interested in 5 Marla Plot File in Giga Mall. Please call back on +92 321 9876543.,lead_capture
"I am reporting this to teh society head, the Installment Plan process is a scam!",escalation
My Installment Plan for DHA Commercial Shop was deducted but no confirmation received.,escalation
i want a call back regarding 5 marla commercial shop in gulberg.,lead_capture
I've emailed three times about my 4 BHK penthouse Plot File in Emaar and no response!,escalation
what is the security situation in giga mall apartment?,faq
Can I book a physical site-tour for DHA Plot File?,lead_capture
Urgent: my Transfer fee failed but money was deducted for Giga Mall Phase!,escalation
I'm ready to pay the Down Payment for a Studio House in Giga Mall.,lead_capture
My Token Money for Bahria Town Plot File was deducted but no confirmation received.,escalation
What is the security situation in Emaar Luxury Villa?,faq
How many 2 Kanal Sector are left in Clifton Sector?,faq
urgent: my possession charges failed but money was deducted for emaar luxury villa!,escalation
Can I get a 2 Kanal Commercial Shop on an installment plan in Johar Town?,faq
Get a human online right now token payment stuck for Giga Mall Plot!,escalation
I paid the Transfer fee for Johar Town Phase and it's still not updated!,escalation
My Down Payment for Bahria Town Plot File was deducted but no confirmation received.,escalation
Can I get a 3 BHK Apartment on an installment plan in Emaar?,faq
Is there an availabl 10 Marla Phase in DHA for immediate sale?,lead_capture
I want to cancel my booking for 5 Marla Apartment in Bahria Town because of this bad service!,escalation
What is the possession timeline for 2 Kanal Plot in Johar Town?,faq
Send me the current price list for 2 BHK Phase in Emaar.,lead_capture
Is teh 2 BHK Apartment in Blue Area near any main road?,faq
I want to lodge a formal complaint against the agent for Clifton Sector!,escalation
"this bot is useless, connect me to the manager of clifton society!",escalation
Is the 10 Marla Plot in Gulberg near any main road,faq
I am looking for a 3 BHK Commercial Shop in DHA. Please contact me at investor.pk@gmail.com.,lead_capture
Please WhatsApp me the details of 2 BHK Apartment in Giga Mall at +92 300 1234567.,lead_capture
CAN YOU SHARE THE BROKER NUMBER FOR GIGA MALL PLOT FILE?,lead_capture
I want to know about the payment plan for Studio House in Clifton.,faq
what is the security situation in blue area phase?,faq
"my payment of lakhs lakhs for registry is stuck, fix it now!",escalation
Can you share the broker number for Johar Town Commercial Shop,lead_capture
Does the Studio Apartment in Emaar have security?,faq
Get a human online right now token payment stuck for DHA Commercial Shop!,escalation
Is teh Johar Town Commercial Shop society approved by LDA or DHA?,faq
what is the possession timeline for studio apartment in clifton?,faq
urgent: my token money failed but money was deducted for clifton plot file!,escalation
Can you share the broker number for Emaar Commercial Shop?,lead_capture
Interested in 2 BHK Apartment in Giga Mall. Please call back on 0312 7654321.,lead_capture
I'm ready to pay teh Possession charges for a 5 Marla Commercial Shop in Emaar.,lead_capture
I HAVE A BUDGET OF CRORES CRORES FOR A 2 KANAL HOUSE IN CLIFTON.,lead_capture
I paid the Down Paymnt for Clifton Plot and it's still not updated!,escalation
Urgent: my Installment Plan failed but money was deducted for DHA Plot File!,escalation
Are there any 4 BHK penthouse Apartment available in Bahria Town?,faq
I'm ready to pay the Down Paymnt for a 2 Kanal Commercial Shop in Gulberg.,lead_capture
I am interested in buying a 2 Kanal Commercial Shop in Clifton.,lead_capture
i want to invest in emaar house. do you have any 4 bhk penthouse options?,lead_capture
What is the total price of a 2 BHK Plot File in Gulberg?,faq
Why is the Installment Plan not reflecting in my portal for Bahria Town Phase,escalation
What is teh total price of a 2 BHK Luxury Villa in Blue Area?,faq
WHY IS TEH REGISTRY NOT REFLECTING IN MY PORTAL FOR EMAAR HOUSE?,escalation
I want a call back regarding Studio Commercial Shop in Blue Area.,lead_capture
Can you give me the dimensions of a 4 BHK penthouse Apartment in DHA?,faq
"my payment of lakhs lakhs for token money is stuck, fix it now!",escalation
tell me the difference between 4 bhk penthouse and 4 bhk penthouse in emaar.,faq
Please send me your WhatsApp number for Phase in Johar Town.,lead_capture
What are the amenities provided in Clifton Apartment?,faq
i paid the possession charges for johar town sector and it's still not updated!,escalation
Please send me the full brochure and paymnt plan for Emaar Luxury Villa on my email investor.pk@gmail.com.,lead_capture
Can I book a physical site-tour for Clifton Plot File?,lead_capture
"i am looking for a luxury luxury villa in giga mall, can you help?",lead_capture
I want a call back regarding 1 Kanal Plot in Bahria Town.,lead_capture
How much is the Installment Plan for Blue Area Luxury Villa?,faq
i want to cancel my booking for 5 marla sector in blue area because of this bad service!,escalation
What is the possession timeline for 4 BHK penthouse Plot File in Giga Mall?,faq
i want to visit bahria town this weekend to see 5 marla apartments.,lead_capture
Urgent: my Possession charges failed but money was deducted for Blue Area Plot!,escalation
Can I get a 2 BHK Commercial Shop on an installment plan in Blue Area,faq
Is Gulberg House currently in possession?,faq
I want a call back regarding 4 BHK penthouse Luxury Villa in Bahria Town.,lead_capture
Can you share the broker number for Emaar Sector?,lead_capture
What are the amenities provided in Clifton Commercial Shop,faq
I want to invest in Emaar Luxury Villa. Do you have any 1 Kanal options?,lead_capture
Urgent complaint regarding the transfer fee for Clifton Commercial Shop!,escalation
I am looking for a Studio Phase in Emaar. Please contact me at realestate.buyer@outlook.com.,lead_capture
Interested in 2 BHK Commercial Shop in Gulberg. Please call back on +92 300 1234567.,lead_capture
"My payment of Lakhs Lakhs for Registry is stuck, fix it now!",escalation
urgent complaint regarding the transfer fee for giga mall apartment!,escalation
What is the current market rate for 3 BHK Plot in Johar Town?,faq
Why is my Down Payment delayed for Johar Town Phase?,escalation
i am interested in buying a 3 bhk apartment in blue area.,lead_capture
My Token Money for Blue Area Sector was deducted but no confirmation received.,escalation
I paid the Transfer fee for Bahria Town Commercial Shop and it's still not updated!,escalation
Are there any 10 Marla Apartment availabl in Bahria Town?,faq
Interested in 5 Marla Sector in DHA. Please call back on +92 300 1234567.,lead_capture
I want a call back regarding 1 Kanal Luxury Villa in Blue Area.,lead_capture
i want to lodge a formal complaint against the agent for dha plot!,escalation
I want a call back regarding 3 BHK Luxury Villa in Johar Town.,lead_capture
Please send me your WhatsApp number for Plot in Blue Area.,lead_capture
Tell me about the Installment Plan for Johar Town Luxury Villa.,faq
Your agent promised me Down Paymnt by today but nothing happened!,escalation
I am interested in buying a 2 BHK Apartment in Emaar.,lead_capture
I want to know about the payment plan for Studio Luxury Villa in Bahria Town.,faq
i want to lodge a formal complaint against the agent for emaar phase!,escalation
What is the security situation in DHA Apartment?,faq
Does the Studio Sector in DHA have security?,faq
I want to lodge a formal complaint against the agent for Bahria Town Plot!,escalation
Please send me teh full brochure and payment plan for Johar Town Sector on my email realestate.buyer@outlook.com.,lead_capture
Is the Clifton Plot File society approved by LDA or DHA?,faq
Interested in 2 Kanal Apartment in Emaar. Please call back on 0333 1122334.,lead_capture
Please WhatsApp me the details of 3 BHK Commercial Shop in Johar Town at 0312 7654321.,lead_capture
please send me the full brochure and payment plan for emaar house on my email realestate.buyer@outlook.com.,lead_capture
Please WhatsApp me the details of 2 BHK House in DHA at 0333 1122334.,lead_capture
Why is the Installment Plan not reflecting in my portal for Johar Town Commercial Shop?,escalation
Can you arrange a meeting with the agent for Emaar Plot File?,lead_capture
I'm ready to pay the Down Payment for a 4 BHK penthouse Luxury Villa in Bahria Town.,lead_capture
Is there an available 1 Kanal Plot in Clifton for immediate sale?,lead_capture
Can you give me the dimensions of a 5 Marla House in Johar Town?,faq
Tell me about the Transfer fee for Emaar Plot File.,faq
What is teh security situation in Clifton Plot File?,faq
Why is teh Transfer fee not reflecting in my portal for Clifton House?,escalation
I want a call back regarding 5 Marla Phase in Bahria Town.,lead_capture
Are there any hidden Possession charges for DHA Apartment?,faq
Are there any hidden Registry for Blue Area House?,faq
please whatsapp me the details of studio luxury villa in blue area at 0312 7654321.,lead_capture
Tell me about the Registry for Bahria Town Plot File.,faq
URGENT COMPLAINT REGARDING THE TRANSFER FEE FOR BLUE AREA SECTOR!,escalation
please send me the full brochure and payment plan for dha commercial shop on my email user@example.com.,lead_capture
get a human online right now token payment stuck for johar town phase!,escalation
What are the amenities provided in Bahria Town Phase?,faq
my registry for bahria town apartment was deducted but no confirmation received.,escalation
Tell me teh difference between Studio and Studio in Giga Mall.,faq
"I'm very interested in the 3 BHK Plot in Bahria Town, how do I proceed?",lead_capture
My Registry for DHA Phase was deducted but no confirmation received.,escalation
Why is my Transfer fee delayed for Johar Town Plot File?,escalation
What is the possession timeline for Studio Commercial Shop in DHA,faq
Send me the current price list for 2 BHK Apartment in Emaar.,lead_capture
urgent complaint regarding the transfer fee for bahria town plot file!,escalation
tell me about the transfer fee for blue area commercial shop.,faq
Can I get a Studio Plot File on an installment plan in DHA,faq
I want to know about the payment plan for 2 Kanal Luxury Villa in Gulberg.,faq
what is the possession timeline for studio plot file in giga mall?,faq
urgent complaint regarding the transfer fee for clifton phase!,escalation
CAN YOU GIVE ME THE DIMENSIONS OF A STUDIO LUXURY VILLA IN JOHAR TOWN?,faq
i've emailed three times about my 5 marla apartment in emaar and no response!,escalation
Are there any hidden Down Payment for Emaar House?,faq
interested in 2 bhk phase in johar town. please call back on 0345 5566778.,lead_capture
Please send me your WhatsApp number for Phase in Clifton.,lead_capture
How many 2 Kanal Phase are left in Gulberg Phase?,faq
why is my installment plan delayed for clifton phase?,escalation
Why is my Possession charges delayed for DHA Luxury Villa?,escalation
Can you arrange a meeting with the agent for Blue Area Apartment?,lead_capture
Tell me the difference between 2 Kanal and 2 Kanal in Clifton.,faq
I am looking for a 4 BHK penthouse Plot in Blue Area. Please contact me at investor.pk@gmail.com.,lead_capture
I want to invest in Giga Mall Apartment. Do you have any Studio options,lead_capture
I paid the Registry for Clifton Sector and it's still not updated!,escalation
Send me the current prce list for 4 BHK penthouse Apartment in DHA.,lead_capture
Please WhatsApp me the details of Studio Commercial Shop in Clifton at 0333 1122334.,lead_capture
Send me the current price list for 2 Kanal House in Gulberg.,lead_capture
What is the current market rate for Studio House in Emaar,faq
Urgent complaint regarding the transfer fee for Blue Area Plot File!,escalation
Please WhatsApp me the details of 2 Kanal Plot in Emaar at +92 321 9876543.,lead_capture
i will not pay teh down payment until a human explains the delay!,escalation
What is the transfer fee for Clifton Plot?,faq
interested in 5 marla plot file in emaar. please call back on +92 321 9876543.,lead_capture
"I want to book a 3 BHK Plot in Blue Area, call me at 0333 1122334.",lead_capture
What are the Down Payment for a 1 Kanal Plot in Gulberg?,faq
Please WhatsApp me the details of 5 Marla Phase in Giga Mall at 0312 7654321.,lead_capture
Please send me the full brochure and payment plan for Giga Mall Plot on my email realestate.buyer@outlook.com.,lead_capture
Is the Giga Mall Luxury Villa society approved by LDA or DHA,faq
Please send me the full brochure and payment plan for Blue Area Luxury Villa on my email client123@yahoo.com.,lead_capture
Your agent promised me Registry by today but nothing happened!,escalation
I want to know about the payment plan for 2 Kanal Plot File in Blue Area.,faq
what is the transfer fee for gulberg phase?,faq
Urgent complaint regarding the transfer fee for Bahria Town Commercial Shop!,escalation
Are there any 2 BHK Luxury Villa available in Emaar?,faq
Can you share teh broker number for Bahria Town House?,lead_capture
What is the current market rate for Studio Apartment in Blue Area?,faq
Please send me the full brochure and payment plan for Emaar Plot File on my email client123@yahoo.com.,lead_capture
I am looking for a 2 Kanal Commercial Shop in Johar Town. Please contact me at realestate.buyer@outlook.com.,lead_capture
Urgent complaint regarding the transfer fee for Bahria Town Apartment!,escalation
Is the 4 BHK penthouse Plot File in Johar Town near any main road?,faq
"i am reporting this to the society head, the installment plan process is a scam!",escalation
Can you arrange a meeting with the agent for Bahria Town House?,lead_capture
get a human online right now token paymnt stuck for johar town house!,escalation
can you share the broker number for emaar house?,lead_capture
I am looking for a 5 Marla House in Bahria Town. Please contact me at realestate.buyer@outlook.com.,lead_capture
WHAT IS THE SECURITY SITUATION IN JOHAR TOWN APARTMENT?,faq
What are the amenities provided in Gulberg Luxury Villa?,faq
I want to lodge a formal complaint against the agent for Clifton Luxury Villa!,escalation
can i book a physical site-tour for johar town plot?,lead_capture
"I want to book a 2 BHK Phase in Blue Area, call me at +92 321 9876543.",lead_capture
PLEASE SEND ME THE FULL BROCHURE AND PAYMENT PLAN FOR DHA SECTOR ON MY EMAIL USER@EXAMPLE.COM.,lead_capture
I've emailed three times about my 2 BHK Sector in Bahria Town and no response!,escalation
how many 2 bhk plot are left in blue area plot?,faq
Why is my Possession charges delayed for DHA Plot?,escalation
I want to invest in Clifton Apartment. Do you have any 1 Kanal options?,lead_capture
i will not pay the possession charges until a human explains the delay!,escalation
Can I book a physical site-tour for Emaar Phase?,lead_capture
CAN I BOOK A PHYSICAL SITE-TOUR FOR GIGA MALL HOUSE?,lead_capture
What are the Transfer fee for a 5 Marla Plot File in Clifton,faq
please whatsapp me the details of 3 bhk phase in johar town at 0345 5566778.,lead_capture
I am interested in buying a 4 BHK penthouse Plot in DHA.,lead_capture
"i'm sick of this bot, get me a mngr now!",escalation
What is the transfer fee for Blue Area Phase,faq
"I want to book a 10 Marla House in Emaar, call me at 0345 5566778.",lead_capture
"I am reporting this to teh society head, the Transfer fee process is a scam!",escalation
"I am looking for a luxury Plot File in Clifton, can you help?",lead_capture
Can you share the broker number for Giga Mall Luxury Villa?,lead_capture
Why is my Token Money delayed for Clifton Apartment?,escalation
I've emailed three times about my 5 Marla Apartment in Bahria Town and no response!,escalation
I want to invest in Bahria Town Plot. Do you have any 2 BHK options?,lead_capture
Please WhatsApp me the details of 4 BHK penthouse Commercial Shop in Blue Area at +92 300 1234567.,lead_capture
Urgent: my Registry failed but money was deducted for Emaar Phase!,escalation
i want to invest in clifton phase. do you have any 3 bhk options?,lead_capture
Are there any hidden Down Payment for Clifton Commercial Shop?,faq
How much is the Token Money for Giga Mall Phase?,faq
i will not pay the token money until a human explains teh delay!,escalation
Why is my Down Paymnt delayed for Gulberg Sector?,escalation
"I'm very interested in the 3 BHK Plot File in Blue Area, how do I proceed?",lead_capture
Please send me teh full brochure and payment plan for Giga Mall House on my email realestate.buyer@outlook.com.,lead_capture
I've emailed three times about my 10 Marla Plot in Clifton and no response!,escalation
What are the amenities provided in Bahria Town Sector,faq
can i get a 2 bhk phase on an installment plan in clifton?,faq
Is there an available 3 BHK Luxury Villa in DHA for immediate sale?,lead_capture
Why is my Installment Plan delayed for Clifton House?,escalation
Urgent: my Down Payment failed but money was deducted for Bahria Town House!,escalation
What is the transfer fee for Giga Mall Luxury Villa?,faq
I want to cancel my booking for 4 BHK penthouse Commercial Shop in Giga Mall because of this bad service!,escalation
Urgent: my Down Payment failed but money was deducted for Clifton Plot File!,escalation
i'm ready to pay the possession charges for a 1 kanal plot in johar town.,lead_capture
Why is teh Registry not reflecting in my portal for Bahria Town Luxury Villa?,escalation
Why is my Transfer fee delayed for Bahria Town Luxury Villa?,escalation
tell me about the registry for emaar phase.,faq
Urgent: my Installment Plan failed but money was deducted for Johar Town Commercial Shop!,escalation
Is Blue Area Luxury Villa currently in possession?,faq
I paid the Transfer fee for Emaar Sector and it's still not updated!,escalation
send me the current price list for 3 bhk apartment in dha.,lead_capture
can i get a 2 kanal luxury villa on an installment plan in emaar?,faq
"I want to book a Studio Sector in Bahria Town, call me at 0312 7654321.",lead_capture
Get a human online right now token payment stuck for Blue Area Plot File!,escalation
I want a call back regarding 10 Marla House in Giga Mall.,lead_capture
Why is my Down Payment delayed for Johar Town Apartment?,escalation
i'm ready to pay the token money for a 2 kanal plot in johar town.,lead_capture
YOUR AGENT PROMISED ME REGISTRY BY TODAY BUT NOTHING HAPPENED!,escalation
I paid the Possession charges for Clifton Sector and it's still not updated!,escalation
Please send me your WhatsApp number for Plot File in Johar Town.,lead_capture
Can you give me the dimensions of a 10 Marla Plot File in Bahria Town,faq
Why is my Token Money delayed for Johar Town Sector?,escalation
I want to invest in Emaar Phase. Do you have any 2 BHK options?,lead_capture
Please send me your WhatsApp number for Plot in Emaar.,lead_capture
What is the current market rate for 2 Kanal Plot File in Johar Town?,faq
I PAID TEH REGISTRY FOR CLIFTON COMMERCIAL SHOP AND IT'S STILL NOT UPDATED!,escalation
Urgent complaint regarding teh transfer fee for Giga Mall Luxury Villa!,escalation
Are there any Studio Sector available in Clifton?,faq
"My payment of Lakhs Lakhs for Possession charges is stuck, fix it now!",escalation
Why is my Token Money delayed for DHA Sector?,escalation
URGENT COMPLAINT REGARDING THE TRANSFER FEE FOR DHA HOUSE!,escalation
What is the possession timeline for 10 Marla House in Bahria Town,faq
I am interested in buying a Studio Plot File in Bahria Town.,lead_capture
How much is the Transfer fee for Clifton Apartment?,faq
I want to cancel my booking for 2 Kanal Plot File in DHA because of this bad service!,escalation
Send me the current price list for 5 Marla Apartment in Bahria Town.,lead_capture
what is the transfer fee for johar town plot file?,faq
I want to invest in Emaar Phase. Do you have any 10 Marla options?,lead_capture
Can you share the broker number for Bahria Town Sector?,lead_capture
Is the Bahria Town Sector society approved by LDA or DHA?,faq
urgent complaint regarding the transfer fee for emaar luxury villa!,escalation
Can you arrange a meeting with the agent for Giga Mall Phase?,lead_capture
DOES THE 2 KANAL APARTMENT IN DHA HAVE UNDERGROUND PARKING?,faq
"I'm very interested in teh 2 Kanal House in Gulberg, how do I proceed?",lead_capture
What is the current market rate for 2 BHK Plot File in Bahria Town?,faq
Please WhatsApp me the details of 10 Marla Commercial Shop in DHA at 0345 5566778.,lead_capture
I want to invest in Giga Mall Apartment. Do you have any 4 BHK penthouse options?,lead_capture
"I am looking for a luxury Phase in Giga Mall, can you help?",lead_capture
I paid the Token Money for Johar Town Plot and it's still not updated!,escalation
i want to visit giga mall this weekend to see 5 marla plots.,lead_capture
"I want to book a 5 Marla Luxury Villa in Johar Town, call me at +92 300 1234567.",lead_capture
Please send me the full brochure and payment plan for Giga Mall Plot on my email investor.pk@gmail.com.,lead_capture
Are there any 2 BHK Plot available in Blue Area?,faq
Why is the Down Payment not reflecting in my portal for Clifton Plot?,escalation
Get a human online right now token payment stuck for Blue Area Luxury Villa!,escalation
Why is my Registry delayed for Blue Area Plot File?,escalation
Is DHA Commercial Shop currently in possession?,faq
"I want to book a 3 BHK Phase in Emaar, call me at +92 300 1234567.",lead_capture
my installment plan for gulberg phase was deducted but no confirmation received.,escalation
Can I book a physical site-tour for Johar Town Plot File?,lead_capture
"I'm very interested in the 10 Marla Plot File in Bahria Town, how do I proceed?",lead_capture
Tell me about the Transfer fee for DHA Luxury Villa.,faq
I'm ready to pay the Registry for a 2 BHK Commercial Shop in Johar Town.,lead_capture
does the 10 marla house in bahria town have water?,faq
please send me the full brochure and payment plan for emaar sector on my email investor.pk@gmail.com.,lead_capture
What are the Down Payment for a 3 BHK Apartment in Johar Town?,faq
I want to visit DHA this weekend to see 1 Kanal Commercial Shops.,lead_capture
Is the 1 Kanal Luxury Villa in Blue Area near any main road?,faq
I've emailed three times about my 4 BHK penthouse Plot File in Johar Town and no response!,escalation
Can you arrange a meeting with the agent for Gulberg Plot?,lead_capture
send me the current price list for 10 marla plot file in blue area.,lead_capture
How much is the Installment Plan for Clifton Commercial Shop,faq
what is the transfer fee for clifton plot file?,faq
HOW MUCH IS THE REGISTRY FOR CLIFTON PLOT,faq
Urgent: my Transfer fee failed but money was deducted for Johar Town Plot!,escalation
what is the security situation in emaar commercial shop?,faq
I want a call back regarding 1 Kanal Plot in Gulberg.,lead_capture
"This bot is useless, connect me to the manager of Clifton society!",escalation
Urgent: my Down Payment failed but money was deducted for Giga Mall Luxury Villa!,escalation
Is Johar Town Plot currently in possession?,faq
"I am reporting this to the society head, the Transfer fee process is a scam!",escalation
I paid the Possession charges for DHA Apartment and it's still not updated!,escalation
"I am looking for a luxury Plot in DHA, can you help?",lead_capture
Please send me the full brochure and payment plan for Clifton Phase on my email investor.pk@gmail.com.,lead_capture
what are the amenities provided in gulberg phase?,faq
URGENT COMPLAINT REGARDING THE TRANSFER FEE FOR CLIFTON APARTMENT!,escalation
Please WhatsApp me teh details of 2 Kanal Luxury Villa in Johar Town at +92 300 1234567.,lead_capture
how much is the token money for emaar luxury villa?,faq
I am looking for a 4 BHK penthouse Apartment in Giga Mall. Please contact me at client123@yahoo.com.,lead_capture
I am interested in buying a 2 BHK Sector in Blue Area.,lead_capture
MY INSTALLMENT PLAN FOR GULBERG PLOT FILE WAS DEDUCTED BUT NO CONFIRMATION RECEIVED.,escalation
"my payment of crores crores for token money is stuck, fix it now!",escalation
urgent: my transfer fee failed but money was deducted for giga mall house!,escalation
I want to cancel my booking for 5 Marla Sector in Johar Town because of this bad service!,escalation
i want to lodge a formal complaint against the agent for clifton house!,escalation
Can you share the broker number for Bahria Town Apartment,lead_capture
I want a call back regarding Studio Phase in DHA.,lead_capture
Why is the Token Money not reflecting in my portal for Clifton House,escalation
I want to lodge a formal complaint against the agent for DHA Commercial Shop!,escalation
Urgent: my Possession charges failed but money was deducted for Emaar Sector!,escalation
Interested in 2 BHK Plot in Giga Mall. Please call back on 0312 7654321.,lead_capture
Can you share the broker number for Giga Mall Plot?,lead_capture
My Possession charges for Clifton House was deducted but no confirmation received.,escalation
I want to invest in Gulberg Apartment. Do you have any 4 BHK penthouse options?,lead_capture
Why is the Possession charges not reflecting in my portal for Bahria Town Commercial Shop?,escalation
I've emailed three times about my 10 Marla Plot in Bahria Town and no response!,escalation
Interested in 2 BHK Apartment in Emaar. Please call back on 0312 7654321.,lead_capture
How many 3 BHK Sector are left in Clifton Sector?,faq
I want to know about the payment plan for 5 Marla Commercial Shop in Blue Area.,faq
Interested in 4 BHK penthouse Luxury Villa in Emaar. Please call back on 0333 1122334.,lead_capture
What is the current market rate for 1 Kanal House in Emaar?,faq
i paid the token money for blue area plot file and it's still not updated!,escalation
I will not pay the Installment Plan until a human explains the delay!,escalation
Urgent: my Possession charges failed but money was deducted for DHA Commercial Shop!,escalation
urgent: my down payment failed but money was deducted for blue area plot file!,escalation
I am interested in buying a 5 Marla Apartment in Johar Town.,lead_capture
Please send me the full brochure and payment plan for Bahria Town Luxury Villa on my email client123@yahoo.com.,lead_capture
How many 4 BHK penthouse Luxury Villa are left in Emaar Luxury Villa?,faq
Tell me about teh Token Money for Gulberg Apartment.,faq
i've emailed three times about my 1 kanal phase in dha and no response!,escalation
Send me teh current price list for 2 Kanal Apartment in Blue Area.,lead_capture
How much is the Down Payment for Blue Area Commercial Shop?,faq
HOW MANY STUDIO HOUSE ARE LEFT IN JOHAR TOWN HOUSE?,faq
Tell me the difference between 1 Kanal and 1 Kanal in Johar Town.,faq
How much is the Token Money for Gulberg Apartment?,faq
Is the 2 Kanal Plot File in Johar Town near any main road?,faq
"This bot is useless, connect me to teh mngr of Gulberg society!",escalation
Are there any hidden Token Money for Clifton Plot File?,faq
i am looking for a 10 marla commercial shop in gulberg. please contact me at user@example.com.,lead_capture
I am looking for a 2 BHK Plot in Emaar. Please contact me at investor.pk@gmail.com.,lead_capture
Please WhatsApp me the details of Studio Plot File in Blue Area at +92 300 1234567.,lead_capture
Can I get a 3 BHK Commercial Shop on an installment plan in Johar Town?,faq
I have a budget of Lakhs Lakhs for a 2 Kanal Sector in Gulberg.,lead_capture
Can I book a physical site-tour for Gulberg Commercial Shop?,lead_capture
I want to invest in Gulberg Plot File. Do you have any 2 Kanal options,lead_capture
Why is my Possession charges delayed for Blue Area Sector?,escalation
I've emailed three times about my 1 Kanal Sector in DHA and no response!,escalation
Can you share the broker number for Bahria Town Plot File?,lead_capture
Tell me about the Registry for DHA Plot.,faq
Get a human online right now token payment stuck for Emaar Commercial Shop!,escalation
What are the Registry for a 2 BHK Commercial Shop in Clifton?,faq
can i book a physical site-tour for johar town house?,lead_capture
"My payment of Crores Crores for Transfer fee is stuck, fix it now!",escalation
I want to know about the payment plan for 2 Kanal Sector in Emaar.,faq
My Token Money for DHA House was deducted but no confirmation received.,escalation
how much is the token money for blue area apartment?,faq
i am looking for a 4 bhk penthouse luxury villa in emaar. please contact me at realestate.buyer@outlook.com.,lead_capture
urgent complaint regarding the transfer fee for bahria town plot!,escalation
What is the possession timeline for 5 Marla Phase in Bahria Town?,faq
why is the down payment not reflecting in my portal for emaar apartment?,escalation
Are there any hidden Possession charges for Clifton Commercial Shop?,faq
Please send me the full brochure and payment plan for Bahria Town Apartment on my email investor.pk@gmail.com.,lead_capture
Please WhatsApp me the details of 4 BHK penthouse Sector in Johar Town at 0345 5566778.,lead_capture
Why is my Registry delayed for DHA Luxury Villa,escalation
I AM LOOKING FOR A 3 BHK SECTOR IN GIGA MALL. PLEASE CONTACT ME AT USER@EXAMPLE.COM.,lead_capture
I want a call back regarding Studio Sector in DHA.,lead_capture
I've emailed three times about my 2 BHK Commercial Shop in DHA and no response!,escalation
Please send me the full brochure and payment plan for Bahria Town Commercial Shop on my email investor.pk@gmail.com.,lead_capture
what is the possession timeline for 5 marla plot file in clifton?,faq
"This bot is useless, connect me to the mngr of Clifton society!",escalation
I would like to book an appointment for a site visit in Gulberg.,lead_capture
Can you share the broker number for Gulberg Luxury Villa?,lead_capture
urgent: my registry failed but money was deducted for dha apartment!,escalation
i want to lodge a formal complaint against teh agent for clifton phase!,escalation
Please send me your WhatsApp number for Commercial Shop in Bahria Town.,lead_capture
I've emailed three times about my 3 BHK Commercial Shop in Blue Area and no response!,escalation
How many 4 BHK penthouse Sector are left in Clifton Sector?,faq
What is the total price of a 3 BHK Plot File in Emaar?,faq
I WANT TO LODGE A FORMAL COMPLAINT AGAINST THE AGENT FOR JOHAR TOWN PLOT FILE!,escalation
Please send me your Wapp number for Phase in Blue Area.,lead_capture
Why is my Down Payment delayed for Emaar House?,escalation
Tell me the difference between 3 BHK and 3 BHK in Clifton.,faq
I'm ready to pay the Registry for a 3 BHK Commercial Shop in Clifton.,lead_capture
What is the transfer fee for Clifton Plot File?,faq
i have a budget of pkr pkr for a 2 kanal plot file in gulberg.,lead_capture
Urgent complaint regarding the transfer fee for Johar Town Phase!,escalation
I've emailed three times about my 1 Kanal Apartment in Gulberg and no response!,escalation
Urgent complaint regarding the transfer fee for Blue Area Commercial Shop!,escalation
What are the Installment Plan for a 10 Marla Plot File in Bahria Town?,faq
"I HAVE BEEN LOOPING WITH THIS BOT FOR 10 MINUTES, I WANT A HUMAN REPRESENTATIVE!",escalation
Is the DHA Sector society approved by LDA or DHA?,faq
tell me the difference between 10 marla and 10 marla in clifton.,faq
what are the possession charges for a 5 marla luxury villa in gulberg?,faq
INTERESTED IN 1 KANAL SECTOR IN CLIFTON. PLEASE CALL BACK ON 0345 5566778.,lead_capture
Can you give me the dimensions of a 1 Kanal House in Bahria Town?,faq
Urgent: my Possession charges failed but money was deducted for Giga Mall House!,escalation
Can you share the broker number for Emaar Apartment,lead_capture
I AM INTERESTED IN BUYING A 2 KANAL PLOT FILE IN JOHAR TOWN.,lead_capture
How many 10 Marla Luxury Villa are left in Emaar Luxury Villa?,faq
I want to know about teh payment plan for Studio Plot in Emaar.,faq
Is DHA Luxury Villa currently in possession,faq
Does the 4 BHK penthouse Commercial Shop in DHA have gym?,faq
"i want to book a 5 marla plot in clifton, call me at 0333 1122334.",lead_capture
i paid the installment plan for johar town plot file and it's still not updated!,escalation
urgent complaint regarding the transfer fee for johar town plot!,escalation
Can you share the broker number for Johar Town Sector?,lead_capture
are there any hidden token money for blue area plot?,faq
Can I get a 2 BHK Plot File on an installment plan in DHA?,faq
Can you arrange a meeting with the agent for Bahria Town Commercial Shop?,lead_capture
Can I book a physical site-tour for Giga Mall Sector?,lead_capture
Please WhatsApp me the details of 4 BHK penthouse Apartment in Gulberg at +92 300 1234567.,lead_capture
Why is the Down Paymnt not reflecting in my portal for Giga Mall Plot,escalation
Tell me teh difference between 10 Marla and 10 Marla in Gulberg.,faq
What is the possession timeline for Studio Luxury Villa in Blue Area,faq
How much is the Down Payment for Gulberg Plot File?,faq
i have a budget of pkr pkr for a studio phase in gulberg.,lead_capture
Urgent: my Registry failed but money was deducted for Gulberg Commercial Shop!,escalation
Can you give me the dimensions of a 2 Kanal Commercial Shop in Gulberg?,faq
What are the Installment Plan for a 1 Kanal Luxury Villa in Giga Mall?,faq
I want to know about the payment plan for 10 Marla Plot in Johar Town.,faq
I paid the Down Payment for DHA Luxury Villa and it's still not updated!,escalation
I want to invest in Johar Town House. Do you have any Studio options?,lead_capture
what is the security situation in giga mall house?,faq
I've emailed three times about my 2 BHK Apartment in Bahria Town and no response!,escalation
What is the current market rate for 4 BHK penthouse Plot in DHA?,faq
I WOULD LIKE TO BOOK AN APPOINTMENT FOR A SITE VISIT IN GULBERG.,lead_capture
I PAID THE TRANSFER FEE FOR GULBERG PLOT AND IT'S STILL NOT UPDATED!,escalation
How much is the Installment Plan for Bahria Town Phase?,faq
I want to invest in Emaar Apartment. Do you have any 3 BHK options?,lead_capture
I will not pay the Registry until a human explains teh delay!,escalation
I am interested in buying a 5 Marla Sector in Giga Mall.,lead_capture
Why is my Down Payment delayed for Blue Area Plot?,escalation
i've emailed three times about my 4 bhk penthouse apartment in dha and no response!,escalation
Is there an available 4 BHK penthouse Luxury Villa in Gulberg for immediate sale,lead_capture
Is the Bahria Town Plot File society approved by LDA or DHA?,faq
Get a human online right now token payment stuck for Johar Town Plot!,escalation
Can you give me the dimensions of a 4 BHK penthouse Plot File in Giga Mall?,faq
I want to cancel my booking for 1 Kanal Apartment in DHA because of this bad service!,escalation
I've emailed three times about my 5 Marla Commercial Shop in Johar Town and no response!,escalation
Can you arrange a meeting with the agent for Johar Town Apartment?,lead_capture
send me the current price list for 2 bhk commercial shop in dha.,lead_capture
I have a budget of Crores Crores for a 4 BHK penthouse Luxury Villa in DHA.,lead_capture
Why is the Transfer fee not reflecting in my portal for Emaar House?,escalation
I would like to book an appointment for a site visit in Blue Area.,lead_capture
Get a human online right now token payment stuck for Emaar Phase!,escalation
"i'm very interested in the 5 marla phase in emaar, how do i proceed?",lead_capture
please whatsapp me teh details of 5 marla luxury villa in gulberg at 0312 7654321.,lead_capture
Please send me the full brochure and payment plan for Blue Area Commercial Shop on my email realestate.buyer@outlook.com.,lead_capture
urgent complaint regarding teh transfer fee for gulberg plot file!,escalation
I want a call back regarding 1 Kanal House in Clifton.,lead_capture
Can you share the broker number for DHA Apartment?,lead_capture
I'M READY TO PAY THE POSSESSION CHARGES FOR A 5 MARLA COMMERCIAL SHOP IN EMAAR.,lead_capture
please send me teh full brochure and paymnt plan for gulberg plot on my email investor.pk@gmail.com.,lead_capture
Does the 10 Marla House in Emaar have gas?,faq
please send me your whatsapp number for apartment in johar town.,lead_capture
I've emailed three times about my 2 Kanal Sector in Clifton and no response!,escalation
Please WhatsApp me the details of Studio Plot in Blue Area at +92 321 9876543.,lead_capture
i want to know about the payment plan for 2 bhk plot file in emaar.,faq
Interested in 10 Marla House in Clifton. Please call back on 0333 1122334.,lead_capture
I want to visit Bahria Town this weekend to see 1 Kanal Apartments.,lead_capture
I've emailed three times about my 1 Kanal Plot in Blue Area and no response!,escalation
Does the 5 Marla Luxury Villa in Bahria Town have gym,faq
what is the security situation in emaar sector?,faq
I want to lodge a formal complaint against the agent for Gulberg House!,escalation
Tell me the difference between 1 Kanal and 1 Kanal in Giga Mall.,faq
Please WhatsApp me the details of 4 BHK penthouse House in Giga Mall at 0345 5566778.,lead_capture
"This bot is useless, connect me to the manager of Bahria Town society!",escalation
Are there any 2 BHK Plot available in Gulberg?,faq
"I AM LOSING MY PATIENCE, PUT ME THROUGH TO A SUPERVISOR RIGHT NOW!",escalation
Is the Studio Plot File in Johar Town near any main road?,faq
"I want to book a 2 Kanal Plot File in DHA, call me at +92 300 1234567.",lead_capture
Please send me the full brochure and payment plan for Bahria Town House on my email user@example.com.,lead_capture
"i'm sick of this bot, get me a manager now!",escalation
Does the 2 BHK House in Giga Mall have underground parking?,faq
Can I get a 2 Kanal Phase on an installment plan in Emaar?,faq
i want to cancel my booking for studio plot in emaar because of this bad service!,escalation
i paid the token money for johar town plot file and it's still not updated!,escalation
what are the amenities provided in clifton phase?,faq
Why is my Transfer fee delayed for Giga Mall Plot?,escalation
please send me your whatsapp number for house in clifton.,lead_capture
I WANT A CALL BACK REGARDING 5 MARLA COMMERCIAL SHOP IN GIGA MALL.,lead_capture
can you give me teh dimensions of a 4 bhk penthouse commercial shop in emaar?,faq
how many 1 kanal commercial shop are left in dha commercial shop?,faq
Can you give me the dimensions of a 3 BHK House in Johar Town?,faq
are there any 10 marla house available in gulberg?,faq
I'm ready to pay the Installment Plan for a 2 BHK Sector in Johar Town.,lead_capture
I want to invest in Gulberg Apartment. Do you have any 3 BHK options?,lead_capture
"I am looking for a luxury Sector in Giga Mall, can you help?",lead_capture
"I'm very interested in the 10 Marla Plot File in DHA, how do I proceed?",lead_capture
What is teh total price of a 1 Kanal House in DHA,faq
I paid the Possession charges for Clifton House and it's still not updated!,escalation
Is there an available 4 BHK penthouse Plot File in Emaar for immediate sale?,lead_capture
Can I get a 1 Kanal House on an installment plan in Giga Mall?,faq
can you give me the dimensions of a 4 bhk penthouse commercial shop in blue area,faq
How many 1 Kanal Plot File are left in DHA Plot File,faq
"i want to book a 10 marla house in johar town, call me at 0312 7654321.",lead_capture
Is there an available 1 Kanal Phase in Emaar for immediate sale?,lead_capture
How much is the Registry for Emaar House?,faq
"I am looking for a luxury Plot File in Giga Mall, can you help?",lead_capture
CAN I BOOK A PHYSICAL SITE-TOUR FOR CLIFTON PLOT,lead_capture
"I want to book a 5 Marla Commercial Shop in Blue Area, call me at +92 321 9876543.",lead_capture
What is the total price of a 2 BHK Plot in Bahria Town,faq
I will not pay the Transfer fee until a human explains teh delay!,escalation
"I'm very interested in the 4 BHK penthouse Apartment in Emaar, how do I proceed?",lead_capture
I have a budget of Crores Crores for a Studio Phase in Johar Town.,lead_capture
I've emailed three times about my 2 BHK House in Emaar and no response!,escalation
Is Bahria Town Sector currently in possession,faq
please send me your whatsapp number for plot file in blue area.,lead_capture
is emaar plot currently in possession?,faq
Can I book a physical site-tour for Emaar House,lead_capture
I want to lodge a formal complaint against the agent for Johar Town Sector!,escalation
What is the possession timeline for 1 Kanal Commercial Shop in Gulberg?,faq
tell me about the token money for giga mall sector.,faq
Does teh 1 Kanal Plot in Bahria Town have gas?,faq
are there any hidden installment plan for johar town plot,faq
What is teh current market rate for 5 Marla Plot File in Clifton?,faq
I want to cancel my booking for 5 Marla House in Gulberg because of this bad service!,escalation
Urgent complaint regarding teh transfer fee for Johar Town Sector!,escalation
CAN I GET A 5 MARLA SECTOR ON AN INSTALLMENT PLAN IN CLIFTON?,faq
"I want to book a 10 Marla Sector in Johar Town, call me at 0333 1122334.",lead_capture
Can you share the broker number for Gulberg Commercial Shop?,lead_capture
IS THE 2 KANAL PLOT IN CLIFTON NEAR ANY MAIN ROAD?,faq
Can I get a Studio Phase on an installment plan in Gulberg?,faq
Why is my Token Money delayed for Giga Mall Plot File?,escalation
I want to know about the payment plan for 4 BHK penthouse Sector in Bahria Town.,faq
What is the possession timeline for 4 BHK penthouse Sector in Bahria Town?,faq
GET A HUMAN ONLINE RIGHT NOW TOKEN PAYMENT STUCK FOR DHA PLOT FILE!,escalation
What is the possession timeline for 2 Kanal Sector in Clifton,faq
i want to cancel my booking for 5 marla sector in gulberg because of this bad service!,escalation
Can you share the broker number for Emaar Plot File?,lead_capture
Is the Bahria Town Apartment society approved by LDA or DHA?,faq
"i want to book a 3 bhk sector in johar town, call me at 0312 7654321.",lead_capture
Why is the Transfer fee not reflecting in my portal for Blue Area House?,escalation
"i have been looping with this bot for 10 minutes, i want a human representative!",escalation
Interested in 10 Marla Apartment in Clifton. Please call back on +92 300 1234567.,lead_capture
Urgent: my Registry failed but money was deducted for Clifton Apartment!,escalation
"this bot is useless, connect me to the manager of giga mall society!",escalation
"I want to book a 2 Kanal Luxury Villa in Bahria Town, call me at 0333 1122334.",lead_capture
What is the transfer fee for Emaar Luxury Villa,faq
i want to invest in dha phase. do you have any 2 bhk options?,lead_capture
What is teh transfer fee for Bahria Town House?,faq
i want to cancel my booking for studio apartment in bahria town because of this bad service!,escalation
what are the transfer fee for a 2 bhk plot in emaar?,faq
what are the amenities provided in blue area plot file?,faq
I want to cancel my booking for 2 BHK Sector in Clifton because of this bad service!,escalation
How many 2 Kanal Plot File are left in Blue Area Plot File?,faq
"I am reporting this to teh society head, the Registry process is a scam!",escalation
How much is the Possession charges for Bahria Town Apartment?,faq
Why is the Possession charges not reflecting in my portal for Emaar Luxury Villa?,escalation
My Down Payment for Blue Area House was deducted but no confirmation received.,escalation
What are the Possession charges for a 1 Kanal Plot File in Giga Mall?,faq
why is teh token money not reflecting in my portal for johar town sector?,escalation
Is there an available 4 BHK penthouse Luxury Villa in Bahria Town for immediate sale?,lead_capture
i am looking for a 2 kanal phase in emaar. please contact me at investor.pk@gmail.com.,lead_capture
I've emailed three times about my 3 BHK Phase in Bahria Town and no response!,escalation
"MY PAYMENT OF LAKHS LAKHS FOR POSSESSION CHARGES IS STUCK, FIX IT NOW!",escalation
My Token Money for DHA Commercial Shop was deducted but no confirmation received.,escalation
what are the possession charges for a studio commercial shop in clifton?,faq
I'm ready to pay the Registry for a 2 BHK Sector in Gulberg.,lead_capture
"i am reporting this to the society head, the possession charges process is a scam!",escalation
What is the total prce of a 2 Kanal Luxury Villa in Emaar?,faq
I want to know about the payment plan for 5 Marla Sector in Blue Area.,faq
this is ridiculous! i want to speak to a live supervisor immediately.,escalation
Does the 2 Kanal Commercial Shop in DHA have gym?,faq
I've emailed three times about my 4 BHK penthouse Plot File in DHA and no response!,escalation
Can I get a 2 Kanal Commercial Shop on an installment plan in Clifton?,faq
Send me the current prce list for Studio Plot in Gulberg.,lead_capture
Tell me teh difference between 2 Kanal and 2 Kanal in Bahria Town.,faq
I've emailed three times about my 5 Marla Phase in Emaar and no response!,escalation
Urgent: my Token Money failed but money was deducted for Blue Area Sector!,escalation
i've emailed three times about my 2 bhk sector in blue area and no response!,escalation
I am looking for a 2 Kanal Commercial Shop in DHA. Please contact me at user@example.com.,lead_capture
I want to visit Johar Town this weekend to see 4 BHK penthouse Plot Files.,lead_capture
Tell me about the Down Payment for DHA Apartment.,faq
"I want to book a 10 Marla Luxury Villa in Blue Area, call me at +92 300 1234567.",lead_capture
Urgent: my Down Payment failed but money was deducted for Giga Mall Plot!,escalation
Why is my Registry delayed for Blue Area Sector?,escalation
What is the current market rate for 3 BHK Plot in Emaar?,faq
I HAVE A BUDGET OF PKR PKR FOR A 2 BHK COMMERCIAL SHOP IN BLUE AREA.,lead_capture
What is the total price of a 10 Marla Phase in Clifton?,faq
Please WhatsApp me the details of 3 BHK Apartment in Gulberg at 0333 1122334.,lead_capture
I want to cancel my booking for 1 Kanal Commercial Shop in Bahria Town because of this bad service!,escalation
I am interested in buying a 4 BHK penthouse Plot File in Gulberg.,lead_capture
what are the installment plan for a 5 marla apartment in emaar?,faq
Why is the Down Payment not reflecting in my portal for Emaar Apartment?,escalation
"I AM REPORTING THIS TO THE SOCIETY HEAD, THE DOWN PAYMENT PROCESS IS A SCAM!",escalation
Interested in 2 BHK House in Bahria Town. Please call back on 0333 1122334.,lead_capture
I want to know about the payment plan for 4 BHK penthouse Sector in Gulberg.,faq
I want to know about the payment plan for 2 BHK Apartment in Clifton.,faq
is johar town phase currently in possession?,faq
Urgent complaint regarding teh transfer fee for Blue Area Apartment!,escalation
Tell me the difference between 2 BHK and 2 BHK in Emaar.,faq
why is my transfer fee delayed for johar town phase?,escalation
What is the current market rate for Studio House in Bahria Town?,faq
I want to visit Clifton this weekend to see 10 Marla Houses.,lead_capture
How many 5 Marla Sector are left in Emaar Sector?,faq
WHAT ARE THE REGISTRY FOR A 10 MARLA HOUSE IN EMAAR?,faq
why is my down payment delayed for bahria town commercial shop?,escalation
Can I book a physical site-tour for Johar Town House,lead_capture
are there any hidden token money for giga mall house?,faq
I want a call back regarding Studio Phase in Clifton.,lead_capture
Please send me the full brochure and payment plan for Clifton Plot on my email investor.pk@gmail.com.,lead_capture
I want to know about the payment plan for 10 Marla Phase in Bahria Town.,faq
Is there an available 10 Marla Sector in Bahria Town for immediate sale?,lead_capture
I HAVE A BUDGET OF CRORES CRORES FOR A STUDIO SECTOR IN BAHRIA TOWN.,lead_capture
can i get a 3 bhk luxury villa on an installment plan in johar town?,faq
send me the current price list for 1 kanal plot in bahria town.,lead_capture
Are there any hidden Possession charges for DHA Commercial Shop,faq
"I'm very interested in the 10 Marla Sector in Johar Town, how do I proceed?",lead_capture
What is teh total price of a 4 BHK penthouse Plot File in Blue Area?,faq
Is the Clifton House society approved by LDA or DHA?,faq
"I want to book a Studio House in DHA, call me at 0345 5566778.",lead_capture
What is the current market rate for Studio House in Johar Town?,faq
Are there any hidden Down Payment for Gulberg Plot?,faq
Please send me your WhatsApp number for Apartment in Blue Area.,lead_capture
Is the 3 BHK House in Johar Town near any main road?,faq
Please send me the full brochure and payment plan for Bahria Town Luxury Villa on my email realestate.buyer@outlook.com.,lead_capture
Can you give me the dimensions of a 2 Kanal Plot in Bahria Town?,faq
Interested in 5 Marla House in Gulberg. Please call back on 0333 1122334.,lead_capture
WHAT IS THE POSSESSION TIMELINE FOR 2 KANAL APARTMENT IN CLIFTON?,faq
I want a call back regarding 4 BHK penthouse Phase in Johar Town.,lead_capture
I want a call back regarding Studio Luxury Villa in Clifton.,lead_capture
Why is the Installment Plan not reflecting in my portal for DHA Plot?,escalation
I am looking for a 2 Kanal Phase in Giga Mall. Please contact me at user@example.com.,lead_capture
"I'm very interested in the 2 BHK Luxury Villa in Giga Mall, how do I proceed",lead_capture
my down payment for clifton phase was deducted but no confirmation received.,escalation
My Possession charges for Emaar House was deducted but no confirmation received.,escalation
"my payment of lakhs lakhs for possession charges is stuck, fix it now!",escalation
MY DOWN PAYMENT FOR GULBERG PHASE WAS DEDUCTED BUT NO CONFIRMATION RECEIVED.,escalation
"I want to book a 10 Marla Phase in Gulberg, call me at 0312 7654321.",lead_capture
I am looking for a 4 BHK penthouse Phase in Bahria Town. Please contact me at investor.pk@gmail.com.,lead_capture
Tell me the difference between 10 Marla and 10 Marla in Johar Town.,faq
My Registry for Johar Town Plot File was deducted but no confirmation received.,escalation
are there any studio commercial shop available in johar town,faq
MY TOKEN MONEY FOR GULBERG PLOT FILE WAS DEDUCTED BUT NO CONFIRMATION RECEIVED.,escalation
I want to invest in Giga Mall Sector. Do you have any 2 BHK options?,lead_capture
I am looking for a 1 Kanal Plot in Johar Town. Please contact me at client123@yahoo.com.,lead_capture
"I am looking for a luxury Commercial Shop in Johar Town, can you help",lead_capture
i want to visit emaar this weekend to see 4 bhk penthouse sectors.,lead_capture
I want to invest in Giga Mall Plot. Do you have any 10 Marla options?,lead_capture
URGENT: MY TRANSFER FEE FAILED BUT MONEY WAS DEDUCTED FOR JOHAR TOWN APARTMENT!,escalation
"I'm very interested in the 2 Kanal Commercial Shop in Giga Mall, how do I proceed?",lead_capture
get a human online right now token payment stuck for clifton plot!,escalation
What are the Registry for a 3 BHK House in Giga Mall?,faq
Get a human online right now token payment stuck for Bahria Town Apartment!,escalation
I want to cancel my booking for 10 Marla Phase in Emaar because of this bad service!,escalation
i want a call back regarding 2 kanal luxury villa in johar town.,lead_capture
what is the current market rate for studio phase in dha?,faq
MY INSTALLMENT PLAN FOR CLIFTON SECTOR WAS DEDUCTED BUT NO CONFIRMATION RECEIVED.,escalation
Can I get a 3 BHK Apartment on an installment plan in DHA?,faq
Get a human online right now token payment stuck for DHA Apartment!,escalation
Are there any Studio Plot File available in Emaar?,faq
I have a budget of Lakhs Lakhs for a 4 BHK penthouse Phase in Gulberg.,lead_capture
are there any 5 marla apartment available in blue area?,faq
i want a call back regarding 2 bhk plot file in clifton.,lead_capture
Tell me the difference between 4 BHK penthouse and 4 BHK penthouse in Emaar.,faq
send me the current price list for 1 kanal apartment in emaar.,lead_capture
what is the total price of a 10 marla house in clifton?,faq
Urgent complaint regarding the transfer fee for Emaar Phase!,escalation
I've emailed three times about my 5 Marla Sector in Johar Town and no response!,escalation
Urgent complaint regarding the transfer fee for DHA Apartment!,escalation
How much is the Possession charges for Clifton Apartment?,faq
HOW MANY STUDIO SECTOR ARE LEFT IN EMAAR SECTOR?,faq
I am interested in buying a Studio Apartment in Bahria Town.,lead_capture
Is the 5 Marla Phase in Johar Town near any main road?,faq
INTERESTED IN STUDIO PHASE IN BAHRIA TOWN. PLEASE CALL BACK ON 0312 7654321.,lead_capture
Urgent complaint regarding teh transfer fee for Bahria Town Luxury Villa!,escalation
how much is the down payment for dha apartment?,faq
urgent complaint regarding the transfer fee for blue area plot!,escalation
How much is the Installment Plan for Gulberg Sector?,faq
What is the security situation in Clifton Phase?,faq
I want to visit Gulberg this weekend to see 2 BHK Sectors.,lead_capture
tell me about the installment plan for clifton sector.,faq
how many 3 bhk phase are left in blue area phase?,faq
My Token Money for Clifton Commercial Shop was deducted but no confirmation received.,escalation
I want to know about the payment plan for 10 Marla Sector in Giga Mall.,faq
Are there any hidden Installment Plan for Clifton Luxury Villa?,faq
I am looking for a 5 Marla Commercial Shop in Blue Area. Please contact me at investor.pk@gmail.com.,lead_capture
i paid the registry for gulberg commercial shop and it's still not updated!,escalation
What is the current market rate for 3 BHK Plot File in Bahria Town?,faq
Tell me about the Possession charges for Johar Town Luxury Villa.,faq
How much is the Down Payment for Clifton Apartment?,faq
I want to cancel my booking for 5 Marla Plot File in Gulberg because of this bad service!,escalation
i'm ready to pay the down paymnt for a 1 kanal apartment in gulberg.,lead_capture
Send me the current price list for 10 Marla Commercial Shop in Blue Area.,lead_capture
Get a human online right now token payment stuck for Gulberg Apartment!,escalation
get a human online right now token paymnt stuck for giga mall plot file!,escalation
Are there any 4 BHK penthouse House available in Blue Area?,faq
I want to invest in Clifton House. Do you have any Studio options?,lead_capture
"My payment of Crores Crores for Registry is stuck, fix it now!",escalation
INTERESTED IN 2 KANAL PLOT IN DHA. PLEASE CALL BACK ON +92 300 1234567.,lead_capture
"I want to book a 10 Marla Apartment in Giga Mall, call me at +92 300 1234567.",lead_capture
why is teh registry not reflecting in my portal for johar town phase?,escalation
I want to invest in DHA Apartment. Do you have any 5 Marla options?,lead_capture
What are the amenities provided in Johar Town House,faq
are there any hidden down payment for johar town plot,faq
is giga mall luxury villa currently in possession,faq
URGENT: MY POSSESSION CHARGES FAILED BUT MONEY WAS DEDUCTED FOR CLIFTON PLOT!,escalation
Are there any 10 Marla Plot File available in Emaar?,faq
urgent complaint regarding teh transfer fee for blue area plot file!,escalation
urgent: my possession charges failed but money was deducted for clifton apartment!,escalation
I want to visit Blue Area this weekend to see 3 BHK Apartments.,lead_capture
How many Studio Phase are left in Clifton Phase?,faq
please send me your whatsapp number for house in emaar.,lead_capture
I want to invest in Emaar Apartment. Do you have any 1 Kanal options?,lead_capture
I would like to book an appointment for a site visit in DHA.,lead_capture
what is the total price of a 10 marla plot in dha?,faq
What are the Installment Plan for a 4 BHK penthouse Luxury Villa in Bahria Town?,faq
My Possession charges for Clifton Phase was deducted but no confirmation received.,escalation
"I am reporting this to the society head, the Down Paymnt process is a scam!",escalation
Is there an available 3 BHK Phase in Gulberg for immediate sale?,lead_capture
Is the Blue Area Plot society approved by LDA or DHA,faq
is the giga mall plot file society approved by lda or dha?,faq
i am looking for a studio plot in johar town. please contact me at client123@yahoo.com.,lead_capture
Can you arrange a meeting with the agent for Clifton Sector?,lead_capture
Urgent: my Installment Plan failed but money was deducted for Giga Mall House!,escalation
I want a call back regarding 5 Marla Sector in Clifton.,lead_capture
can you share teh broker number for dha plot file?,lead_capture
can you arrange a meeting with the agent for emaar luxury villa?,lead_capture
Why is the Transfer fee not reflecting in my portal for Clifton Luxury Villa?,escalation
WHY IS THE POSSESSION CHARGES NOT REFLECTING IN MY PORTAL FOR BAHRIA TOWN APARTMENT?,escalation
Why is my Installment Plan delayed for Johar Town Plot?,escalation
why is my down payment delayed for giga mall luxury villa?,escalation
Is there an available 2 Kanal Plot File in Bahria Town for immediate sale?,lead_capture
I paid the Down Payment for Emaar Sector and it's still not updated!,escalation
urgent: my down payment failed but money was deducted for emaar apartment!,escalation
Please WhatsApp me the details of 2 BHK Plot File in DHA at +92 321 9876543.,lead_capture
"I want to book a Studio Luxury Villa in Blue Area, call me at 0312 7654321.",lead_capture
are there any hidden down payment for bahria town plot file,faq
are there any 2 kanal commercial shop available in gulberg?,faq
i paid the installment plan for bahria town luxury villa and it's still not updated!,escalation
"I am looking for a luxury Commercial Shop in Bahria Town, can you help?",lead_capture
i am looking for a studio plot file in bahria town. please contact me at investor.pk@gmail.com.,lead_capture
Urgent complaint regarding teh transfer fee for Gulberg Apartment!,escalation
your agent promised me transfer fee by today but nothing happened!,escalation
I want to lodge a formal complaint against the agent for Bahria Town Luxury Villa!,escalation
Urgent: my Transfer fee failed but money was deducted for Clifton Phase!,escalation
Send me teh current price list for 4 BHK penthouse Plot File in DHA.,lead_capture
My Token Money for Gulberg Apartment was deducted but no confirmation received.,escalation
Is the 5 Marla Apartment in Bahria Town near any main road,faq
Why is my Possession charges delayed for DHA Plot,escalation
Is Johar Town Luxury Villa currently in possession?,faq
i want a call back regarding 2 kanal apartment in clifton.,lead_capture
Urgent: my Possession charges failed but money was deducted for Bahria Town Apartment!,escalation
Is the 1 Kanal Plot in Giga Mall near any main road,faq
I WANT TO LODGE A FORMAL COMPLAINT AGAINST THE AGENT FOR CLIFTON PLOT FILE!,escalation
why is the installment plan not reflecting in my portal for bahria town house?,escalation
Get a human online right now token payment stuck for Giga Mall Commercial Shop!,escalation
"I want to book a Studio House in Bahria Town, call me at 0345 5566778.",lead_capture
What is the security situation in Giga Mall House?,faq
"I'm very interested in the 1 Kanal Phase in Blue Area, how do I proceed?",lead_capture
how many 1 kanal commercial shop are left in emaar commercial shop?,faq
interested in 1 kanal apartment in bahria town. please call back on 0312 7654321.,lead_capture
what is the possession timeline for 3 bhk phase in emaar,faq
Why is the Token Money not reflecting in my portal for Emaar House?,escalation
Get a human online right now token payment stuck for Bahria Town Luxury Villa!,escalation
Is the DHA Luxury Villa society approved by LDA or DHA?,faq
Urgent: my Transfer fee failed but money was deducted for Giga Mall Apartment!,escalation
IS THE 1 KANAL LUXURY VILLA IN BAHRIA TOWN NEAR ANY MAIN ROAD?,faq
is the clifton apartment society approved by lda or dha?,faq
What is teh current market rate for 5 Marla Plot in Emaar,faq
"This bot is useless, connect me to the manager of Johar Town society!",escalation
I have a budget of Lakhs Lakhs for a 1 Kanal Sector in Johar Town.,lead_capture
can you arrange a meeting with teh agent for bahria town luxury villa?,lead_capture
My Possession charges for Johar Town Apartment was deducted but no confirmation received.,escalation
I WANT TO VISIT BAHRIA TOWN THIS WEEKEND TO SEE 4 BHK PENTHOUSE PLOTS.,lead_capture
my possession charges for giga mall luxury villa was deducted but no confirmation received.,escalation
I want to invest in Emaar Sector. Do you have any 4 BHK penthouse options?,lead_capture
i want to invest in dha apartment. do you have any 10 marla options?,lead_capture
Tell me about the Transfer fee for Gulberg Commercial Shop.,faq
I will not pay teh Installment Plan until a human explains teh delay!,escalation
I paid the Down Payment for Giga Mall Apartment and it's still not updated!,escalation
are there any 2 kanal luxury villa available in bahria town?,faq
i paid the transfer fee for clifton phase and it's still not updated!,escalation
My Token Money for Bahria Town Apartment was deducted but no confirmation received.,escalation
I WANT TO LODGE A FORMAL COMPLAINT AGAINST TEH AGENT FOR EMAAR PLOT!,escalation
Is the 2 Kanal Sector in Clifton near any main road,faq
Interested in 2 Kanal Commercial Shop in Blue Area. Please call back on +92 300 1234567.,lead_capture
Can you arrange a meeting with the agent for Gulberg Plot,lead_capture
Your agent promised me Token Money by today but nothing happened!,escalation
Urgent: my Transfer fee failed but money was deducted for Clifton Luxury Villa!,escalation
I want to lodge a formal complaint against the agent for Johar Town Commercial Shop!,escalation
I paid the Installment Plan for DHA Plot File and it's still not updated!,escalation
Urgent: my Installment Plan failed but money was deducted for Gulberg House!,escalation
Why is the Registry not reflecting in my portal for DHA Apartment?,escalation
"my payment of lakhs lakhs for down payment is stuck, fix it now!",escalation
I've emailed three times about my 4 BHK penthouse Commercial Shop in Blue Area and no response!,escalation
What is the security situation in Johar Town Commercial Shop?,faq
I am interested in buying a Studio Sector in Johar Town.,lead_capture
Is Clifton Plot File currently in possession?,faq
is emaar phase currently in possession?,faq
Send me the current price list for 1 Kanal Sector in Bahria Town.,lead_capture
"I am looking for a luxury Apartment in Giga Mall, can you help?",lead_capture
How much is the Possession charges for Emaar Plot?,faq
I'm ready to pay the Token Money for a 5 Marla Phase in Johar Town.,lead_capture
I've emailed three times about my 2 Kanal House in Clifton and no response!,escalation
HOW MANY 2 BHK SECTOR ARE LEFT IN BAHRIA TOWN SECTOR?,faq
"I am looking for a luxury Luxury Villa in DHA, can you help?",lead_capture
is emaar apartment currently in possession?,faq
I'm ready to pay the Token Money for a 3 BHK Sector in DHA.,lead_capture
What is the possession timeline for 1 Kanal Phase in Bahria Town?,faq
please send me the full brochure and payment plan for bahria town phase on my email client123@yahoo.com.,lead_capture
Does the 4 BHK penthouse Sector in Giga Mall have park?,faq
"this bot is useless, connect me to the manager of dha society!",escalation
I WANT TO INVEST IN JOHAR TOWN PLOT. DO YOU HAVE ANY 5 MARLA OPTIONS,lead_capture
Can I book a physical site-tour for Giga Mall Phase?,lead_capture
Please send me your Wapp number for Commercial Shop in Clifton.,lead_capture
I'VE EMAILED THREE TIMES ABOUT MY 3 BHK PLOT IN GIGA MALL AND NO RESPONSE!,escalation
I am looking for a 5 Marla Apartment in Giga Mall. Please contact me at user@example.com.,lead_capture
Get a human online right now token payment stuck for DHA Plot File!,escalation
i paid the registry for emaar plot and it's still not updated!,escalation
Why is the Token Money not reflecting in my portal for Gulberg House?,escalation
Is Bahria Town Commercial Shop currently in possession?,faq
does the 4 bhk penthouse phase in gulberg have security?,faq
I will not pay the Token Money until a human explains teh delay!,escalation
What is the total price of a 2 BHK Phase in Clifton?,faq
What is the transfer fee for Emaar House?,faq
I want to invest in Blue Area Plot. Do you have any Studio options,lead_capture
Urgent: my Registry failed but money was deducted for Bahria Town Plot File!,escalation
I've emailed three times about my 4 BHK penthouse Plot File in Gulberg and no response!,escalation
"I am reporting this to the society head, the Down Payment process is a scam!",escalation
I am looking for a 1 Kanal Phase in Blue Area. Please contact me at investor.pk@gmail.com.,lead_capture
Can I get a 2 BHK House on an installment plan in Clifton?,faq
Get a human online right now token payment stuck for Bahria Town Plot File!,escalation
I'm ready to pay the Down Payment for a 1 Kanal House in Gulberg.,lead_capture
i am interested in buying a 5 marla commercial shop in giga mall.,lead_capture
interested in 4 bhk penthouse house in blue area. please call back on +92 321 9876543.,lead_capture
What is teh security situation in Clifton Plot File,faq
I've emailed three times about my 2 Kanal Phase in DHA and no response!,escalation
"I want to book a 10 Marla House in Emaar, call me at +92 300 1234567.",lead_capture
are there any 2 bhk commercial shop available in gulberg?,faq
I will not pay the Possession charges until a human explains the delay!,escalation
what is the total price of a studio commercial shop in blue area?,faq
my installment plan for johar town plot file was deducted but no confirmation received.,escalation
Please send me your WhatsApp number for House in Johar Town.,lead_capture
I have a budget of PKR PKR for a 2 Kanal Sector in Bahria Town.,lead_capture
what are the amenities provided in dha house?,faq
I have a budget of Lakhs Lakhs for a 1 Kanal House in Blue Area.,lead_capture
does teh 5 marla luxury villa in bahria town have park?,faq
Is the Blue Area Plot File society approved by LDA or DHA,faq
I want to visit Johar Town this weekend to see 5 Marla Houses.,lead_capture
"I'm very interested in the Studio House in Giga Mall, how do I proceed",lead_capture
Tell me about the Installment Plan for DHA Phase.,faq
i want to visit gulberg this weekend to see 3 bhk apartments.,lead_capture
"I want to book a 10 Marla Plot File in Gulberg, call me at 0333 1122334.",lead_capture
urgent: my possession charges failed but money was deducted for dha plot file!,escalation
How much is the Down Payment for Gulberg Apartment,faq
CAN YOU GIVE ME THE DIMENSIONS OF A 3 BHK HOUSE IN DHA?,faq
Is the 3 BHK Phase in Giga Mall near any main road?,faq
i've emailed three times about my 10 marla plot file in clifton and no response!,escalation
Please send me your WhatsApp number for Commercial Shop in Giga Mall.,lead_capture
How many Studio Luxury Villa are left in DHA Luxury Villa?,faq
"This bot is useless, connect me to the mngr of DHA society!",escalation
"I am looking for a luxury House in Emaar, can you help",lead_capture
What is the transfer fee for DHA Sector,faq
"My payment of Crores Crores for Token Money is stuck, fix it now!",escalation
what is the security situation in giga mall plot?,faq
Are there any 5 Marla Apartment availabl in Johar Town?,faq
I'm ready to pay the Transfer fee for a 10 Marla Apartment in Emaar.,lead_capture
I've emailed three times about my 4 BHK penthouse House in Johar Town and no response!,escalation
Does the 2 Kanal Luxury Villa in Gulberg have electricity?,faq
i want to lodge a formal complaint against the agent for blue area sector!,escalation
Your agent promised me Installment Plan by today but nothing happened!,escalation
I've emailed three times about my 2 Kanal Apartment in DHA and no response!,escalation
What are the amenities provided in Emaar Phase?,faq
"i am looking for a luxury phase in giga mall, can you help?",lead_capture
I've emailed three times about my 3 BHK Phase in Gulberg and no response!,escalation
Interested in 2 BHK Luxury Villa in Giga Mall. Please call back on +92 300 1234567.,lead_capture
i want to invest in johar town luxury villa. do you have any 3 bhk options?,lead_capture
tell me the difference between 2 bhk and 2 bhk in johar town.,faq
Can I book a physical site-tour for Emaar House?,lead_capture
i will not pay the installment plan until a human explains the delay!,escalation
What are the Transfer fee for a Studio Plot in Blue Area?,faq
I want to cancel my booking for 5 Marla Plot File in Johar Town because of this bad service!,escalation
Get a human online right now token payment stuck for Clifton Commercial Shop!,escalation
"I'm very interested in the 3 BHK Plot File in Bahria Town, how do I proceed?",lead_capture
I want to visit Giga Mall this weekend to see Studio Apartments.,lead_capture
urgent complaint regarding the transfer fee for dha plot!,escalation
Why is my Token Money delayed for Bahria Town Plot?,escalation
Urgent: my Installment Plan failed but money was deducted for DHA Sector!,escalation
is there an available 10 marla plot in johar town for immediate sale,lead_capture
what is the current market rate for 4 bhk penthouse house in clifton,faq
I want to visit Bahria Town this weekend to see 2 Kanal Commercial Shops.,lead_capture
i have a budget of pkr pkr for a 10 marla luxury villa in bahria town.,lead_capture
STOP SENDING ME AUTOMATED MESSAGES AND CONNECT ME TO A REAL PERSON!,escalation
Why is my Transfer fee delayed for Emaar Phase?,escalation
"I'm very interested in the Studio Commercial Shop in Giga Mall, how do I proceed?",lead_capture
i want to lodge a formal complaint against the agent for emaar commercial shop!,escalation
I've emailed three times about my 2 BHK Plot File in Giga Mall and no response!,escalation
I've emailed three times about my 1 Kanal Phase in Bahria Town and no response!,escalation
I am interested in buying a 1 Kanal Luxury Villa in Emaar.,lead_capture
What is the transfer fee for Blue Area Luxury Villa?,faq
What is the total price of a 4 BHK penthouse Commercial Shop in DHA?,faq
I've emailed three times about my 10 Marla Apartment in Blue Area and no response!,escalation
"My payment of Lakhs Lakhs for Installment Plan is stuck, fix it now!",escalation
i've emailed three times about my 4 bhk penthouse plot file in gulberg and no response!,escalation
My Possession charges for Johar Town House was deducted but no confirmation received.,escalation
"I'm very interested in the Studio Apartment in Bahria Town, how do I proceed?",lead_capture
What is the total price of a 1 Kanal Sector in Blue Area?,faq
Interested in 10 Marla Plot File in Clifton. Please call back on 0312 7654321.,lead_capture
i have a budget of lakhs lakhs for a 5 marla house in johar town.,lead_capture
please whatsapp me the details of 10 marla luxury villa in bahria town at +92 321 9876543.,lead_capture
How many 2 BHK Sector are left in Gulberg Sector?,faq
TELL ME THE DIFFERENCE BETWEEN 2 KANAL AND 2 KANAL IN JOHAR TOWN.,faq
Tell me about the Token Money for Giga Mall Plot File.,faq
what are the possession charges for a 10 marla phase in gulberg?,faq
I want to lodge a formal complaint against the agent for Giga Mall Commercial Shop!,escalation
get a human online right now token payment stuck for giga mall sector!,escalation
i'm ready to pay teh down payment for a 10 marla phase in giga mall.,lead_capture
I've emailed three times about my 3 BHK House in DHA and no response!,escalation
Is Blue Area House currently in possession?,faq
Urgent complaint regarding teh transfer fee for DHA Sector!,escalation
WHAT ARE THE TRANSFER FEE FOR A STUDIO PLOT FILE IN JOHAR TOWN?,faq
what is teh total price of a 10 marla sector in bahria town?,faq
I want to visit Johar Town this weekend to see 2 BHK Luxury Villas.,lead_capture
can you share the broker number for blue area sector?,lead_capture
can you share the broker number for gulberg phase?,lead_capture
how many 10 marla house are left in dha house?,faq
My Down Payment for Johar Town Luxury Villa was deducted but no confirmation received.,escalation
What is the current market rate for 2 Kanal Apartment in Bahria Town?,faq
how many 2 bhk apartment are left in johar town apartment?,faq
what is the transfer fee for bahria town luxury villa?,faq
i want to know about the payment plan for 2 kanal phase in emaar.,faq
Can you arrange a meeting with the agent for Blue Area Commercial Shop?,lead_capture
What is the possession timeline for 1 Kanal House in Gulberg?,faq
I WANT TO KNOW ABOUT THE PAYMENT PLAN FOR 5 MARLA LUXURY VILLA IN DHA.,faq
I am looking for a 3 BHK Phase in Emaar. Please contact me at user@example.com.,lead_capture
Why is the Registry not reflecting in my portal for Emaar Sector?,escalation
How much is the Down Payment for Johar Town Luxury Villa?,faq
How much is the Token Money for Giga Mall Luxury Villa?,faq
I paid teh Token Money for Clifton Luxury Villa and it's still not updated!,escalation
Can you share the broker number for Bahria Town House?,lead_capture
i paid the token money for dha house and it's still not updated!,escalation
can you arrange a meeting with the agent for giga mall plot?,lead_capture
I have a budget of PKR PKR for a 2 BHK House in DHA.,lead_capture
I paid the Installment Plan for Emaar Plot and it's still not updated!,escalation
I'm ready to pay the Possession charges for a 2 Kanal Luxury Villa in Giga Mall.,lead_capture
What is the current market rate for 5 Marla Apartment in Bahria Town,faq
I want to know about teh payment plan for 2 BHK Phase in Gulberg.,faq
why is teh registry not reflecting in my portal for emaar plot?,escalation
is the 1 kanal house in clifton near any main road?,faq
"My payment of PKR PKR for Possession charges is stuck, fix it now!",escalation
I've emailed three times about my 1 Kanal Plot in Emaar and no response!,escalation
Please send me the full brochure and payment plan for Gulberg Phase on my email user@example.com.,lead_capture
What are the Transfer fee for a 10 Marla Apartment in Gulberg?,faq
I want to lodge a formal complaint against the agent for Giga Mall Plot File!,escalation
I want to lodge a formal complaint against the agent for Giga Mall Sector!,escalation
I WANT TO CANCEL MY BOOKING FOR STUDIO PLOT IN GULBERG BECAUSE OF THIS BAD SERVICE!,escalation
Is there an available 10 Marla Plot in Johar Town for immediate sale?,lead_capture
get a human online right now token paymnt stuck for johar town phase!,escalation
What are the amenities provided in Emaar Apartment,faq
I am interested in buying a Studio Phase in Giga Mall.,lead_capture
I am looking for a 1 Kanal Plot File in Johar Town. Please contact me at client123@yahoo.com.,lead_capture
can you give me the dimensions of a 1 kanal commercial shop in emaar?,faq
my installment plan for blue area luxury villa was deducted but no confirmation received.,escalation
What are the amenities provided in Gulberg Commercial Shop?,faq
What are the amenities provided in DHA Plot?,faq
I would like to book an appointment for a site visit in Giga Mall.,lead_capture
I am interested in buying a 5 Marla Plot File in Johar Town.,lead_capture
Why is my Possession charges delayed for Giga Mall Apartment?,escalation
My Down Payment for DHA Plot File was deducted but no confirmation received.,escalation
I've emailed three times about my Studio Plot in Bahria Town and no response!,escalation
Can you arrange a meeting with the agent for DHA Plot?,lead_capture
I WANT TO LODGE A FORMAL COMPLAINT AGAINST THE AGENT FOR GULBERG COMMERCIAL SHOP!,escalation
Can you share the broker number for Johar Town Commercial Shop?,lead_capture
"I am looking for a luxury House in Bahria Town, can you help?",lead_capture
"I'm very interested in the 3 BHK Plot File in Emaar, how do I proceed",lead_capture
How many Studio Plot File are left in Emaar Plot File?,faq
I am looking for a 4 BHK penthouse Luxury Villa in Emaar. Please contact me at user@example.com.,lead_capture
Interested in 4 BHK penthouse Sector in Emaar. Please call back on +92 300 1234567.,lead_capture
what is the security situation in blue area commercial shop?,faq
What is the total price of a Studio Plot in Johar Town,faq
I am looking for a 2 BHK House in Giga Mall. Please contact me at realestate.buyer@outlook.com.,lead_capture
can i get a 4 bhk penthouse luxury villa on an installment plan in dha?,faq
I want to cancel my booking for 2 Kanal Phase in Johar Town because of this bad service!,escalation
what is the total price of a 4 bhk penthouse commercial shop in johar town?,faq
Urgent: my Token Money failed but money was deducted for Johar Town Sector!,escalation
Urgent complaint regarding the transfer fee for Bahria Town Phase!,escalation
I want to cancel my booking for 4 BHK penthouse Plot in Giga Mall because of this bad service!,escalation
My Transfer fee for Emaar Apartment was deducted but no confirmation received.,escalation
I'm ready to pay the Token Money for a Studio Commercial Shop in Clifton.,lead_capture
Get a human online right now token payment stuck for Gulberg Commercial Shop!,escalation
can you share the broker number for emaar sector?,lead_capture
I want a call back regarding 5 Marla Plot in Blue Area.,lead_capture
I want a call back regarding 3 BHK Phase in Emaar.,lead_capture
I want to visit DHA this weekend to see 5 Marla Commercial Shops.,lead_capture
Why is the Installment Plan not reflecting in my portal for Johar Town Plot File?,escalation
Why is the Registry not reflecting in my portal for Blue Area Sector?,escalation
Can I get a 5 Marla Apartment on an installment plan in DHA?,faq
WHAT IS THE SECURITY SITUATION IN EMAAR LUXURY VILLA?,faq
I want to invest in Johar Town Plot. Do you have any 5 Marla options?,lead_capture
I'm ready to pay teh Registry for a 2 BHK House in Johar Town.,lead_capture
What are the amenities provided in Clifton Luxury Villa?,faq
Please send me your WhatsApp number for Apartment in Gulberg.,lead_capture
I want to lodge a formal complaint against the agent for Giga Mall House!,escalation
i am looking for a 2 bhk apartment in blue area. please contact me at investor.pk@gmail.com.,lead_capture
Is Gulberg Plot currently in possession?,faq
I paid the Transfer fee for Clifton Plot and it's still not updated!,escalation
I want a call back regarding 2 Kanal House in Johar Town.,lead_capture
My Transfer fee for DHA Apartment was deducted but no confirmation received.,escalation
i am looking for a 5 marla house in dha. please contact me at investor.pk@gmail.com.,lead_capture
Is Blue Area Sector currently in possession?,faq
What is the transfer fee for Blue Area Plot?,faq
What is the total price of a 5 Marla House in Clifton?,faq
I want to lodge a formal complaint against teh agent for Bahria Town Luxury Villa!,escalation
"I'm very interested in the 1 Kanal House in DHA, how do I proceed?",lead_capture
I want a call back regarding Studio House in Emaar.,lead_capture
I want to cancel my booking for 10 Marla Commercial Shop in Bahria Town because of this bad service!,escalation
Send me the current price list for 2 BHK Phase in Clifton.,lead_capture
I want to visit Blue Area this weekend to see 3 BHK Luxury Villas.,lead_capture
why is my down payment delayed for bahria town plot file?,escalation
i've emailed three times about my 2 bhk plot in johar town and no response!,escalation
My Possession charges for Bahria Town House was deducted but no confirmation received.,escalation
My Installment Plan for Emaar Apartment was deducted but no confirmation received.,escalation
I want to cancel my booking for 2 BHK Phase in DHA because of this bad service!,escalation
I want to know about the payment plan for 5 Marla Luxury Villa in DHA.,faq
I have a budget of PKR PKR for a 4 BHK penthouse Apartment in DHA.,lead_capture
Are there any hidden Token Money for Giga Mall Luxury Villa?,faq
How many Studio Sector are left in Giga Mall Sector?,faq
Does the 2 BHK House in Clifton have underground parking,faq
Can you share the broker number for Blue Area Sector?,lead_capture
Please send me your WhatsApp number for Apartment in Johar Town.,lead_capture
What are the amenities provided in DHA Luxury Villa?,faq
Please WhatsApp me the details of 2 Kanal Commercial Shop in Clifton at +92 300 1234567.,lead_capture
"i am reporting this to the society head, the transfer fee process is a scam!",escalation
MY INSTALLMENT PLAN FOR JOHAR TOWN APARTMENT WAS DEDUCTED BUT NO CONFIRMATION RECEIVED.,escalation
Is the Blue Area Sector society approved by LDA or DHA?,faq
why is my down payment delayed for clifton luxury villa?,escalation
What are the amenities provided in Gulberg Sector?,faq
Urgent complaint regarding the transfer fee for Blue Area Sector!,escalation
Please WhatsApp me the details of 2 BHK Commercial Shop in Clifton at 0345 5566778.,lead_capture
I want to visit Bahria Town this weekend to see 10 Marla Plot Files.,lead_capture
What is the current market rate for 10 Marla Sector in Gulberg?,faq
I want to lodge a formal complaint against the agent for Clifton House!,escalation
I want a call back regarding 10 Marla Luxury Villa in Gulberg.,lead_capture
I am looking for a Studio Plot in Clifton. Please contact me at client123@yahoo.com.,lead_capture
i would like to book an appointment for a site visit in blue area.,lead_capture
Can you give me the dimensions of a 3 BHK House in Bahria Town?,faq
Why is the Down Paymnt not reflecting in my portal for DHA Luxury Villa?,escalation
Interested in 3 BHK Plot in Giga Mall. Please call back on 0333 1122334.,lead_capture
What is the possession timeline for Studio Sector in Giga Mall,faq
Is there an available Studio Phase in Blue Area for immediate sale?,lead_capture
I want to invest in Gulberg Commercial Shop. Do you have any 3 BHK options?,lead_capture
why is the registry not reflecting in my portal for clifton phase?,escalation
i've emailed three times about my studio commercial shop in clifton and no response!,escalation
Can you give me the dimensions of a 4 BHK penthouse Plot File in Gulberg?,faq
your agent promised me down payment by today but nothing happened!,escalation
urgent: my possession charges failed but money was deducted for dha sector!,escalation
is blue area plot file currently in possession?,faq
Why is the Possession charges not reflecting in my portal for Clifton House?,escalation
what is the total price of a 3 bhk plot file in clifton?,faq
can i get a 2 bhk house on an installment plan in emaar?,faq
i want to lodge a formal complaint against the agent for johar town apartment!,escalation
I want to cancel my booking for 2 BHK Plot File in DHA because of this bad service!,escalation
Does the 5 Marla Apartment in Emaar have gym,faq
Why is my Registry delayed for Bahria Town Plot?,escalation
what is the transfer fee for emaar plot file?,faq
I've emailed three times about my 5 Marla Apartment in Giga Mall and no response!,escalation
"I am looking for a luxury Commercial Shop in Blue Area, can you help?",lead_capture
Why is my Token Money delayed for Johar Town Plot?,escalation
Can you arrange a meeting with the agent for Emaar Luxury Villa?,lead_capture
"I want to book a 1 Kanal Phase in Gulberg, call me at +92 300 1234567.",lead_capture
"I want to book a 4 BHK penthouse Plot in Johar Town, call me at +92 300 1234567.",lead_capture
Get a human online right now token payment stuck for Emaar Plot!,escalation
i paid the down payment for emaar phase and it's still not updated!,escalation
Can I get a 2 Kanal Apartment on an installment plan in Bahria Town?,faq
Please send me your WhatsApp number for Apartment in DHA.,lead_capture
Urgent complaint regarding the transfer fee for DHA Plot!,escalation
I want to lodge a formal complaint against the agent for DHA Phase!,escalation
Does teh 4 BHK penthouse Plot File in Clifton have security,faq
what is the transfer fee for clifton house?,faq
I am looking for a Studio Luxury Villa in Gulberg. Please contact me at investor.pk@gmail.com.,lead_capture
I WANT A CALL BACK REGARDING 2 BHK COMMERCIAL SHOP IN GIGA MALL.,lead_capture
"This bot is useless, connect me to teh mngr of Blue Area society!",escalation
Are there any hidden Installment Plan for Blue Area Apartment?,faq
interested in 2 bhk luxury villa in gulberg. please call back on 0345 5566778.,lead_capture
I want a call back regarding 2 Kanal Commercial Shop in Gulberg.,lead_capture
"This bot is useless, connect me to the manager of Gulberg society!",escalation
I want to visit Johar Town this weekend to see 4 BHK penthouse Luxury Villas.,lead_capture
can you give me the dimensions of a 2 bhk plot file in bahria town?,faq
Why is my Installment Plan delayed for Bahria Town Apartment?,escalation
I've emailed three times about my 1 Kanal House in Bahria Town and no response!,escalation
Please WhatsApp me the details of 5 Marla House in Gulberg at +92 321 9876543.,lead_capture
I want to cancel my booking for 3 BHK Luxury Villa in Bahria Town because of this bad service!,escalation
I paid the Possession charges for Blue Area Phase and it's still not updated!,escalation
I've emailed three times about my 2 BHK Plot File in Bahria Town and no response!,escalation
I want to lodge a formal complaint against teh agent for Johar Town Luxury Villa!,escalation
What is the transfer fee for Giga Mall Sector?,faq
I am looking for a 1 Kanal House in Johar Town. Please contact me at client123@yahoo.com.,lead_capture
Why is the Down Payment not reflecting in my portal for Clifton Commercial Shop?,escalation
Can I book a physical site-tour for Emaar Plot?,lead_capture
I paid the Installment Plan for Gulberg House and it's still not updated!,escalation
Is the 5 Marla Commercial Shop in Bahria Town near any main road?,faq
Tell me about the Possession charges for Giga Mall House.,faq
I paid the Installment Plan for Johar Town Plot and it's still not updated!,escalation
what is teh transfer fee for bahria town commercial shop?,faq
I paid the Registry for Clifton Phase and it's still not updated!,escalation
Can I get a 2 BHK Apartment on an installment plan in Giga Mall?,faq
Please WhatsApp me the details of 1 Kanal Apartment in Clifton at +92 321 9876543.,lead_capture
Urgent complaint regarding the transfer fee for DHA Commercial Shop!,escalation
Can I get a 2 BHK House on an installment plan in Gulberg?,faq
I paid the Registry for DHA Luxury Villa and it's still not updated!,escalation
Urgent: my Installment Plan failed but money was deducted for Clifton Plot!,escalation
I want a call back regarding 2 Kanal House in Gulberg.,lead_capture
Can you arrange a meeting with the agent for Giga Mall House?,lead_capture
I want to cancel my booking for 4 BHK penthouse Phase in Blue Area because of this bad service!,escalation
"I want to book a 2 BHK Sector in Johar Town, call me at 0312 7654321.",lead_capture
I've emailed three times about my 1 Kanal Luxury Villa in Bahria Town and no response!,escalation
Can you give me the dimensions of a 2 Kanal Plot in Johar Town?,faq
what is the possession timeline for studio sector in blue area?,faq
Can I get a 4 BHK penthouse Luxury Villa on an installment plan in Blue Area?,faq
Please send me your WhatsApp number for House in DHA.,lead_capture
I have a budget of Lakhs Lakhs for a 5 Marla Commercial Shop in Gulberg.,lead_capture
I paid the Down Payment for Giga Mall Sector and it's still not updated!,escalation
I've emailed three times about my 10 Marla Luxury Villa in DHA and no response!,escalation
can i book a physical site-tour for gulberg sector?,lead_capture
Why is my Possession charges delayed for Clifton House,escalation
Please send me your WhatsApp number for Plot File in Clifton.,lead_capture
What is teh current market rate for 3 BHK Plot File in Emaar?,faq
Are there any hidden Installment Plan for Blue Area Phase?,faq
I've emailed three times about my 3 BHK Phase in Emaar and no response!,escalation
SEND ME THE CURRENT PRICE LIST FOR 2 BHK SECTOR IN CLIFTON.,lead_capture
What is the possession timeline for 5 Marla Commercial Shop in DHA?,faq
Send me the current price list for Studio Phase in Bahria Town.,lead_capture
What is teh security situation in Emaar Luxury Villa?,faq
Can I book a physical site-tour for Blue Area Commercial Shop?,lead_capture
I want to invest in Emaar Sector. Do you have any 1 Kanal options?,lead_capture
can you give me the dimensions of a 5 marla plot in gulberg?,faq
"i want to book a 4 bhk penthouse plot in giga mall, call me at 0345 5566778.",lead_capture
"My payment of Lakhs Lakhs for Down Payment is stuck, fix it now!",escalation
What is the current market rate for 5 Marla Plot File in Johar Town,faq
Can you share the broker number for Blue Area House?,lead_capture
What are the amenities provided in Bahria Town Commercial Shop?,faq
Send me the current price list for 1 Kanal Apartment in Emaar.,lead_capture
Can you arrange a meeting with the agent for Gulberg Commercial Shop?,lead_capture
What is the security situation in Clifton Apartment?,faq
Tell me about the Down Payment for Giga Mall Plot File.,faq
please send me your whatsapp number for plot file in clifton.,lead_capture
Why is the Down Payment not reflecting in my portal for DHA House?,escalation
Are there any 2 BHK Sector available in Giga Mall?,faq
Is there an available Studio Luxury Villa in Emaar for immediate sale?,lead_capture
How many 10 Marla Phase are left in Blue Area Phase,faq
Urgent: my Installment Plan failed but money was deducted for Clifton Luxury Villa!,escalation
"I am reporting this to the society head, the Possession charges process is a scam!",escalation
I paid the Possession charges for Clifton Plot File and it's still not updated!,escalation
i've emailed three times about my studio commercial shop in giga mall and no response!,escalation
i paid the token money for giga mall luxury villa and it's still not updated!,escalation
i want to know about the payment plan for studio plot file in emaar.,faq
Please send me your WhatsApp number for Luxury Villa in Emaar.,lead_capture
WHAT IS TEH TOTAL PRICE OF A 5 MARLA PLOT FILE IN JOHAR TOWN?,faq
Tell me about the Token Money for Johar Town Luxury Villa.,faq
This is ridiculous! I want to speak to a live supervisor immediately.,escalation
What is teh total prce of a 2 Kanal Apartment in Bahria Town?,faq
I want to lodge a formal complaint against the agent for Clifton Commercial Shop!,escalation
i want to know about the payment plan for 1 kanal apartment in emaar.,faq
is there an available 4 bhk penthouse plot in clifton for immediate sale,lead_capture
"i'm very interested in the 2 kanal apartment in giga mall, how do i proceed?",lead_capture
I paid teh Possession charges for Blue Area Commercial Shop and it's still not updated!,escalation
"my payment of crores crores for transfer fee is stuck, fix it now!",escalation
what is the current market rate for 2 kanal plot in clifton?,faq
how many 5 marla luxury villa are left in dha luxury villa?,faq
Tell me about the Down Payment for Clifton Commercial Shop.,faq
What is the current market rate for 3 BHK Phase in Emaar?,faq
Can you share the broker number for Giga Mall Sector?,lead_capture
What are the amenities provided in Johar Town Luxury Villa?,faq
Is there an availabl 5 Marla Plot in Gulberg for immediate sale?,lead_capture
Get a human online right now token payment stuck for Gulberg Plot!,escalation
Can I book a physical site-tour for DHA Plot?,lead_capture
"I am reporting this to the society head, teh Transfer fee process is a scam!",escalation
"I'm very interested in the 3 BHK Apartment in Johar Town, how do I proceed?",lead_capture
Tell me about the Possession charges for Blue Area Plot.,faq
What are the amenities provided in Clifton Commercial Shop?,faq
What is the transfer fee for DHA Plot?,faq
can you arrange a meeting with the agent for bahria town plot file?,lead_capture
I HAVE A BUDGET OF PKR PKR FOR A 1 KANAL APARTMENT IN EMAAR.,lead_capture
i paid the possession charges for johar town commercial shop and it's still not updated!,escalation
I want to know about the payment plan for 3 BHK Commercial Shop in Bahria Town.,faq
I've emailed three times about my Studio Plot File in Bahria Town and no response!,escalation
DOES THE 2 KANAL LUXURY VILLA IN GIGA MALL HAVE GAS,faq
What are the amenities provided in Bahria Town Luxury Villa?,faq
What is the possession timeline for 1 Kanal Phase in Gulberg?,faq
Are there any 5 Marla House available in Bahria Town?,faq
"i'm very interested in the 2 bhk apartment in bahria town, how do i proceed?",lead_capture
I want to cancel my booking for 4 BHK penthouse Apartment in Blue Area because of this bad service!,escalation
what is the total price of a 10 marla apartment in blue area?,faq
Get a human online right now token payment stuck for Gulberg Plot File!,escalation
i am interested in buying a 2 kanal luxury villa in bahria town.,lead_capture
What are the Token Money for a 1 Kanal Sector in Johar Town?,faq
Interested in 10 Marla Plot File in Johar Town. Please call back on +92 321 9876543.,lead_capture
Is there an available 2 Kanal Plot in Bahria Town for immediate sale?,lead_capture
Is the Gulberg Sector society approved by LDA or DHA?,faq
how many 1 kanal sector are left in bahria town sector?,faq
IS THE 3 BHK PLOT FILE IN EMAAR NEAR ANY MAIN ROAD,faq
What is the security situation in Johar Town Plot?,faq
What is the current market rate for 1 Kanal Commercial Shop in DHA?,faq
WHAT IS TEH TRANSFER FEE FOR BAHRIA TOWN APARTMENT?,faq
does the 1 kanal sector in blue area have gas?,faq
MY REGISTRY FOR DHA PLOT WAS DEDUCTED BUT NO CONFIRMATION RECEIVED.,escalation
I PAID THE TRANSFER FEE FOR BLUE AREA COMMERCIAL SHOP AND IT'S STILL NOT UPDATED!,escalation
"I want to book a 3 BHK House in DHA, call me at +92 300 1234567.",lead_capture
Tell me about the Registry for Bahria Town Luxury Villa.,faq
is the johar town phase society approved by lda or dha?,faq
How many 10 Marla Sector are left in Gulberg Sector?,faq
What is teh security situation in Blue Area Luxury Villa?,faq
"i am losing my patience, put me through to a supervisor right now!",escalation
why is my transfer fee delayed for dha luxury villa?,escalation
I want to know about the payment plan for 5 Marla Plot File in Blue Area.,faq
CAN YOU GIVE ME THE DIMENSIONS OF A 5 MARLA HOUSE IN BLUE AREA?,faq
Can you arrange a meeting with the agent for DHA House?,lead_capture
Why is my Installment Plan delayed for Gulberg Plot File,escalation
is there an available 2 bhk plot in emaar for immediate sale?,lead_capture
Why is my Transfer fee delayed for Emaar Plot File,escalation
"i'm very interested in the 5 marla commercial shop in emaar, how do i proceed?",lead_capture
Can I get a 2 Kanal Plot File on an installment plan in DHA?,faq
I want to invest in Emaar Luxury Villa. Do you have any 10 Marla options?,lead_capture
"my payment of crores crores for registry is stuck, fix it now!",escalation
"I'm very interested in the 2 BHK Commercial Shop in Blue Area, how do I proceed?",lead_capture
what are the installment plan for a 3 bhk phase in dha?,faq
Please send me teh full brochure and payment plan for Johar Town Luxury Villa on my email investor.pk@gmail.com.,lead_capture
i've emailed three times about my studio commercial shop in bahria town and no response!,escalation
"I AM LOOKING FOR A LUXURY LUXURY VILLA IN BLUE AREA, CAN YOU HELP?",lead_capture
Is teh 4 BHK penthouse House in Gulberg near any main road?,faq
your agent promised me installment plan by today but nothing happened!,escalation
What is the security situation in Gulberg Plot?,faq
Can you arrange a meeting with the agent for Blue Area Phase,lead_capture
tell me about the registry for giga mall sector.,faq
I want to invest in Johar Town Luxury Villa. Do you have any 4 BHK penthouse options?,lead_capture
What is the possession timeline for 2 Kanal Sector in Gulberg?,faq
Are there any Studio House available in Clifton?,faq
I have a budget of PKR PKR for a 2 BHK Sector in Gulberg.,lead_capture
My Token Money for Johar Town Plot File was deducted but no confirmation received.,escalation
I want to visit Johar Town this weekend to see 3 BHK Houses.,lead_capture
Why is the Possession charges not reflecting in my portal for Johar Town Plot?,escalation
Is there an available 1 Kanal House in DHA for immediate sale?,lead_capture
Urgent complaint regarding the transfer fee for Johar Town Commercial Shop!,escalation
I have a budget of Crores Crores for a Studio House in Johar Town.,lead_capture
I want to lodge a formal complaint against the agent for Giga Mall Apartment!,escalation
I WANT TO VISIT BAHRIA TOWN THIS WEEKEND TO SEE 5 MARLA APARTMENTS.,lead_capture
How many Studio Plot are left in DHA Plot?,faq
"I WANT TO BOOK A 3 BHK PLOT FILE IN BAHRIA TOWN, CALL ME AT 0333 1122334.",lead_capture
Why is my Possession charges delayed for Blue Area Luxury Villa?,escalation
Your agent promised me Possession charges by today but nothing happened!,escalation
i am looking for a 1 kanal plot file in dha. please contact me at realestate.buyer@outlook.com.,lead_capture
What is the security situation in DHA House?,faq
Urgent: my Transfer fee failed but money was deducted for Clifton Plot!,escalation
"I want to book a 4 BHK penthouse Sector in DHA, call me at +92 300 1234567.",lead_capture
What are the Token Money for a 3 BHK Sector in Blue Area?,faq
Please WhatsApp me teh details of 1 Kanal Luxury Villa in Emaar at 0345 5566778.,lead_capture
urgent: my possession charges failed but money was deducted for johar town apartment!,escalation
can you arrange a meeting with the agent for johar town commercial shop?,lead_capture
What is teh possession timeline for 10 Marla House in Clifton?,faq
I paid the Token Money for Johar Town Apartment and it's still not updated!,escalation
Can you give me the dimensions of a 5 Marla Phase in Johar Town?,faq
Can you give me the dimensions of a 2 BHK Plot File in Giga Mall?,faq
"I am looking for a luxury House in Johar Town, can you help?",lead_capture
Tell me about teh Down Payment for Gulberg Commercial Shop.,faq
please send me your whatsapp number for sector in emaar.,lead_capture
Please send me your WhatsApp number for Apartment in Bahria Town.,lead_capture
I am looking for a 2 Kanal Phase in Clifton. Please contact me at realestate.buyer@outlook.com.,lead_capture
What is the security situation in Gulberg Apartment?,faq
I am looking for a Studio Phase in Bahria Town. Please contact me at client123@yahoo.com.,lead_capture
What is the transfer fee for Blue Area Apartment?,faq
I've emailed three times about my 2 BHK Apartment in Gulberg and no response!,escalation
I want to invest in Clifton Apartment. Do you have any 2 Kanal options?,lead_capture
"MY PAYMNT OF LAKHS LAKHS FOR DOWN PAYMENT IS STUCK, FIX IT NOW!",escalation
I've emailed three times about my 10 Marla Apartment in DHA and no response!,escalation
WHY IS THE DOWN PAYMENT NOT REFLECTING IN MY PORTAL FOR BLUE AREA COMMERCIAL SHOP?,escalation
Is the 10 Marla Phase in Blue Area near any main road?,faq
"I am reporting this to the society head, teh Down Payment process is a scam!",escalation
tell me the difference between 2 bhk and 2 bhk in giga mall.,faq
TELL ME ABOUT THE REGISTRY FOR JOHAR TOWN SECTOR.,faq
Can you give me the dimensions of a 2 BHK Apartment in Bahria Town?,faq
can you give me the dimensions of a 10 marla luxury villa in bahria town?,faq
are there any hidden installment plan for gulberg plot?,faq
Urgent complaint regarding the transfer fee for DHA Plot File!,escalation
I paid the Possession charges for Gulberg Commercial Shop and it's still not updated!,escalation
What are the amenities provided in Gulberg Apartment?,faq
I've emailed three times about my 5 Marla Apartment in Clifton and no response!,escalation
Is Gulberg Commercial Shop currently in possession,faq
i paid the transfer fee for clifton house and it's still not updated!,escalation
can you arrange a meeting with the agent for clifton commercial shop?,lead_capture
What are the Down Payment for a 3 BHK Sector in Johar Town?,faq
"My payment of Lakhs Lakhs for Token Money is stuck, fix it now!",escalation
"I'm very interested in the 5 Marla Luxury Villa in DHA, how do I proceed",lead_capture
"I'm very interested in the Studio Plot File in DHA, how do I proceed?",lead_capture
What is the total price of a Studio Luxury Villa in Gulberg?,faq
my token money for gulberg phase was deducted but no confirmation received.,escalation
ARE THERE ANY HIDDEN INSTALLMENT PLAN FOR JOHAR TOWN PLOT FILE?,faq
WHAT IS TEH SECURITY SITUATION IN GIGA MALL COMMERCIAL SHOP?,faq
What is the possession timeline for Studio Phase in DHA,faq
i would like to book an appointment for a site visit in johar town.,lead_capture
can you arrange a meeting with the agent for emaar plot?,lead_capture
"I'm sick of this bot, get me a manager now!",escalation
what is the transfer fee for clifton plot,faq
I have a budget of PKR PKR for a 2 BHK Sector in Clifton.,lead_capture
urgent: my down payment failed but money was deducted for gulberg phase!,escalation
Can you give me teh dimensions of a 2 BHK Luxury Villa in Gulberg?,faq
I WANT TO LODGE A FORMAL COMPLAINT AGAINST TEH AGENT FOR BAHRIA TOWN PLOT!,escalation
is teh emaar phase society approved by lda or dha?,faq
what is the security situation in dha plot?,faq
Is Gulberg Sector currently in possession?,faq
I want to lodge a formal complaint against teh agent for Emaar Phase!,escalation
please send me your whatsapp number for commercial shop in bahria town.,lead_capture
i want to invest in johar town commercial shop. do you have any 2 kanal options?,lead_capture
Send me the current price list for 1 Kanal Plot in Gulberg.,lead_capture
I paid the Transfer fee for Giga Mall Sector and it's still not updated!,escalation
I paid the Transfer fee for Clifton Sector and it's still not updated!,escalation
is the gulberg house society approved by lda or dha?,faq
"I am reporting this to the society head, teh Registry process is a scam!",escalation
I've emailed three times about my 1 Kanal House in Emaar and no response!,escalation
WHY IS MY REGISTRY DELAYED FOR GIGA MALL LUXURY VILLA?,escalation
What are the Installment Plan for a 4 BHK penthouse Commercial Shop in Johar Town?,faq
Send me the current price list for 2 Kanal Commercial Shop in Gulberg.,lead_capture
"I am looking for a luxury Luxury Villa in Gulberg, can you help?",lead_capture
What are the Possession charges for a 1 Kanal Apartment in Emaar?,faq
Urgent: my Token Money failed but money was deducted for Blue Area Luxury Villa!,escalation
I want to cancel my booking for 10 Marla Phase in Johar Town because of this bad service!,escalation
Please send me your WhatsApp number for Commercial Shop in Emaar.,lead_capture
I want to cancel my booking for 10 Marla Plot in Clifton because of this bad service!,escalation
can you arrange a meeting with the agent for clifton commercial shop,lead_capture
Is Bahria Town Plot File currently in possession?,faq
i have a budget of crores crores for a 5 marla house in bahria town.,lead_capture
i'm ready to pay the token money for a 2 bhk house in gulberg.,lead_capture
Are there any 2 Kanal Plot available in Emaar,faq
Can I book a physical site-tour for Emaar Apartment?,lead_capture
Please WhatsApp me the details of Studio Luxury Villa in Blue Area at 0333 1122334.,lead_capture
What is the security situation in Clifton Commercial Shop?,faq
What are the amenities provided in Bahria Town Apartment?,faq
Urgent: my Down Payment failed but money was deducted for Johar Town House!,escalation
I am looking for a 5 Marla Apartment in Clifton. Please contact me at realestate.buyer@outlook.com.,lead_capture
How many 4 BHK penthouse Commercial Shop are left in DHA Commercial Shop?,faq
can i get a studio apartment on an installment plan in giga mall,faq
Tell me the difference between Studio and Studio in Bahria Town.,faq
"I am looking for a luxury Plot File in Johar Town, can you help?",lead_capture
"I'm very interested in the 10 Marla Luxury Villa in Gulberg, how do I proceed",lead_capture
why is my installment plan delayed for blue area plot file?,escalation
What are the Down Payment for a 5 Marla Plot File in Johar Town,faq
I paid the Registry for Johar Town Plot and it's still not updated!,escalation
What is the possession timeline for 1 Kanal Sector in Johar Town,faq
Your agent promised me Down Payment by today but nothing happened!,escalation
Can I get a 5 Marla Apartment on an installment plan in Gulberg?,faq
ARE THERE ANY HIDDEN INSTALLMENT PLAN FOR GIGA MALL PHASE?,faq
My Installment Plan for DHA Sector was deducted but no confirmation received.,escalation
My Registry for DHA Sector was deducted but no confirmation received.,escalation
Why is my Down Payment delayed for Blue Area Phase?,escalation
Why is my Transfer fee delayed for Emaar Apartment?,escalation
what is the current market rate for 1 kanal house in giga mall?,faq
are there any hidden possession charges for blue area sector?,faq
Tell me the difference between 2 Kanal and 2 Kanal in Bahria Town.,faq
Can I get a 2 BHK House on an installment plan in Johar Town?,faq
why is my installment plan delayed for gulberg house?,escalation
I want to lodge a formal complaint against the agent for Gulberg Sector!,escalation
Urgent: my Token Money failed but money was deducted for Emaar Commercial Shop!,escalation
Are there any Studio Plot File available in Johar Town?,faq
How many 2 Kanal Phase are left in Johar Town Phase,faq
"My paymnt of Lakhs Lakhs for Transfer fee is stuck, fix it now!",escalation
Is the 4 BHK penthouse Apartment in Emaar near any main road?,faq
i paid the registry for bahria town apartment and it's still not updated!,escalation
does the 10 marla phase in clifton have electricity?,faq
Get a human online right now token payment stuck for Giga Mall Sector!,escalation
Is there an available 5 Marla Commercial Shop in Bahria Town for immediate sale?,lead_capture
HOW MANY 2 BHK APARTMENT ARE LEFT IN DHA APARTMENT,faq
how much is the installment plan for blue area commercial shop?,faq
Can I get a Studio Plot File on an installment plan in Emaar?,faq
Urgent: my Transfer fee failed but money was deducted for DHA Phase!,escalation
is the giga mall apartment society approved by lda or dha?,faq
Urgent: my Token Money failed but money was deducted for Clifton House!,escalation
Interested in 5 Marla House in Blue Area. Please call back on 0345 5566778.,lead_capture
Are there any 10 Marla Phase available in Giga Mall?,faq
I've emailed three times about my 2 Kanal Apartment in Emaar and no response!,escalation
i want to visit gulberg this weekend to see 1 kanal plot files.,lead_capture
i paid the installment plan for giga mall phase and it's still not updated!,escalation
Please WhatsApp me the details of 2 BHK Luxury Villa in Emaar at 0345 5566778.,lead_capture
what is the transfer fee for bahria town sector?,faq
I want to lodge a formal complaint against the agent for Bahria Town Sector!,escalation
please whatsapp me the details of 1 kanal sector in giga mall at +92 321 9876543.,lead_capture
Can you arrange a meeting with the agent for Bahria Town Phase?,lead_capture
Why is the Transfer fee not reflecting in my portal for Giga Mall Plot,escalation
I paid the Installment Plan for Giga Mall House and it's still not updated!,escalation
I want to visit Bahria Town this weekend to see 2 BHK Commercial Shops.,lead_capture
i want to lodge a formal complaint against the agent for blue area plot!,escalation
i want to know about the payment plan for studio phase in johar town.,faq
Can I book a physical site-tour for Bahria Town Luxury Villa?,lead_capture
Does the 5 Marla Apartment in Blue Area have security?,faq
CAN I BOOK A PHYSICAL SITE-TOUR FOR DHA APARTMENT?,lead_capture
send me the current price list for 4 bhk penthouse luxury villa in johar town.,lead_capture
urgent: my token money failed but money was deducted for blue area apartment!,escalation
"I want to book a 10 Marla Sector in Gulberg, call me at +92 300 1234567.",lead_capture
Get a human online right now token payment stuck for Gulberg Phase!,escalation
I want to cancel my booking for Studio Phase in Gulberg because of this bad service!,escalation
"I am reporting this to teh society head, the Token Money process is a scam!",escalation
I want a call back regarding 1 Kanal Commercial Shop in Blue Area.,lead_capture
Can you share the broker number for Giga Mall Sector,lead_capture
What is the current market rate for 10 Marla Plot in DHA,faq
Why is my Down Payment delayed for Bahria Town Sector?,escalation
Does the 3 BHK Luxury Villa in Blue Area have park?,faq
SEND ME THE CURRENT PRICE LIST FOR 1 KANAL LUXURY VILLA IN BAHRIA TOWN.,lead_capture
Is there an availabl 4 BHK penthouse Sector in Blue Area for immediate sale?,lead_capture
Urgent: my Down Payment failed but money was deducted for Emaar House!,escalation
Please send me the full brochure and payment plan for Giga Mall Plot File on my email investor.pk@gmail.com.,lead_capture
IS THERE AN AVAILABLE STUDIO LUXURY VILLA IN GULBERG FOR IMMEDIATE SALE?,lead_capture
i paid the down payment for giga mall plot file and it's still not updated!,escalation
Can you share the broker number for Clifton Phase?,lead_capture
urgent: my down payment failed but money was deducted for dha phase!,escalation
Tell me about the Registry for Johar Town House.,faq
"I am looking for a luxury Plot File in Clifton, can you help",lead_capture
I want to lodge a formal complaint against the agent for Gulberg Phase!,escalation
What is the security situation in DHA Sector?,faq
why is the registry not reflecting in my portal for emaar plot file?,escalation
Is the 3 BHK House in Emaar near any main road,faq
I want to cancel my booking for 10 Marla Commercial Shop in Johar Town because of this bad service!,escalation
My Token Money for Blue Area Commercial Shop was deducted but no confirmation received.,escalation
What is the possession timeline for 1 Kanal Plot File in Giga Mall,faq
My Token Money for Giga Mall Sector was deducted but no confirmation received.,escalation
Get a human online right now token payment stuck for Johar Town Commercial Shop!,escalation
Urgent: my Token Money failed but money was deducted for Emaar Luxury Villa!,escalation
URGENT COMPLAINT REGARDING THE TRANSFER FEE FOR DHA APARTMENT!,escalation
I want to invest in Johar Town Commercial Shop. Do you have any 1 Kanal options?,lead_capture
Can you give me the dimensions of a 4 BHK penthouse Commercial Shop in Emaar,faq
What is the possession timeline for 1 Kanal Commercial Shop in Clifton?,faq
"I want to book a 2 Kanal Apartment in Emaar, call me at 0333 1122334.",lead_capture
Does the 10 Marla Sector in Bahria Town have underground parking,faq
Please send me your WhatsApp number for Luxury Villa in Giga Mall.,lead_capture
Please Wapp me the details of Studio House in Bahria Town at 0345 5566778.,lead_capture
I have a budget of Crores Crores for a 2 BHK Plot File in Johar Town.,lead_capture
What is the current market rate for 5 Marla Plot File in Gulberg?,faq
I paid the Transfer fee for Gulberg Phase and it's still not updated!,escalation
What is the possession timeline for Studio House in Johar Town,faq
Get a human online right now token paymnt stuck for DHA Apartment!,escalation
My Token Money for Blue Area Plot File was deducted but no confirmation received.,escalation
I have a budget of Lakhs Lakhs for a 2 BHK Plot File in Emaar.,lead_capture
tell me about the transfer fee for clifton phase.,faq
How much is the Transfer fee for Bahria Town Plot File?,faq
I am looking for a 1 Kanal Phase in Giga Mall. Please contact me at investor.pk@gmail.com.,lead_capture
Why is my Possession charges delayed for Johar Town Plot?,escalation
I want to know about the payment plan for 10 Marla Apartment in Clifton.,faq
I want a call back regarding 5 Marla Phase in Gulberg.,lead_capture
I've emailed three times about my 3 BHK House in Clifton and no response!,escalation
I want a call back regarding 4 BHK penthouse Commercial Shop in Bahria Town.,lead_capture
I've emailed three times about my 10 Marla Phase in Gulberg and no response!,escalation
My Installment Plan for Johar Town Apartment was deducted but no confirmation received.,escalation
What are the amenities provided in Bahria Town Plot?,faq
I have a budget of Crores Crores for a 1 Kanal Luxury Villa in DHA.,lead_capture
"I am reporting this to the society head, the Installment Plan process is a scam!",escalation
Interested in 5 Marla Plot File in Blue Area. Please call back on +92 300 1234567.,lead_capture
are there any hidden token money for giga mall phase?,faq
I am looking for a 10 Marla Phase in Bahria Town. Please contact me at user@example.com.,lead_capture
i am looking for a 10 marla phase in giga mall. please contact me at user@example.com.,lead_capture
I want to lodge a formal complaint against the agent for Bahria Town Plot File!,escalation
"I am looking for a luxury House in Johar Town, can you help",lead_capture
Why is my Transfer fee delayed for Gulberg Sector?,escalation
What is the total price of a 5 Marla Luxury Villa in Blue Area?,faq
"I have been looping with this bot for 10 minutes, I want a human representative!",escalation
My Possession charges for Giga Mall Luxury Villa was deducted but no confirmation received.,escalation
I WANT A CALL BACK REGARDING 5 MARLA PLOT IN JOHAR TOWN.,lead_capture
I want to cancel my booking for 3 BHK Apartment in Bahria Town because of this bad service!,escalation
Why is my Down Payment delayed for Bahria Town Luxury Villa?,escalation
"I am looking for a luxury Phase in Gulberg, can you help?",lead_capture
What are the amenities provided in Bahria Town Plot,faq
Urgent complaint regarding the transfer fee for Bahria Town House!,escalation
Can I book a physical site-tour for Bahria Town Commercial Shop,lead_capture
Can you share the broker number for Clifton Luxury Villa,lead_capture
Get a human online right now token payment stuck for Johar Town Sector!,escalation
get a human online right now token payment stuck for emaar plot file!,escalation
Are there any hidden Transfer fee for DHA Plot File?,faq
Why is my Registry delayed for Clifton Phase,escalation
I am interested in buying a 4 BHK penthouse House in Bahria Town.,lead_capture
I want a call back regarding 2 Kanal Plot File in Emaar.,lead_capture
"I am looking for a luxury House in Gulberg, can you help?",lead_capture
I want to know about the payment plan for 1 Kanal Plot in Gulberg.,faq
Tell me the difference between 2 Kanal and 2 Kanal in Emaar.,faq
can i get a 1 kanal luxury villa on an installment plan in bahria town?,faq
I paid the Registry for Emaar Sector and it's still not updated!,escalation
WHAT IS THE CURRENT MARKET RATE FOR 4 BHK PENTHOUSE PLOT IN GIGA MALL?,faq
URGENT: MY DOWN PAYMENT FAILED BUT MONEY WAS DEDUCTED FOR GULBERG LUXURY VILLA!,escalation
IS THERE AN AVAILABLE STUDIO PLOT FILE IN EMAAR FOR IMMEDIATE SALE?,lead_capture
i paid the installment plan for johar town luxury villa and it's still not updated!,escalation
IS THERE AN AVAILABLE 2 BHK APARTMENT IN EMAAR FOR IMMEDIATE SALE?,lead_capture
SEND ME THE CURRENT PRICE LIST FOR 3 BHK PHASE IN GIGA MALL.,lead_capture
is the 3 bhk apartment in giga mall near any main road?,faq
what is the possession timeline for 3 bhk sector in giga mall?,faq
"I'm sick of this bot, get me a mngr now!",escalation
does the 2 bhk phase in clifton have security?,faq
"My payment of PKR PKR for Down Paymnt is stuck, fix it now!",escalation
THIS IS RIDICULOUS! I WANT TO SPEAK TO A LIVE SUPERVISOR IMMEDIATELY.,escalation
Why is the Registry not reflecting in my portal for Giga Mall Phase?,escalation
Interested in 10 Marla House in Johar Town. Please call back on +92 321 9876543.,lead_capture
I am looking for a 10 Marla Sector in Bahria Town. Please contact me at user@example.com.,lead_capture
I want to lodge a formal complaint against the agent for DHA Luxury Villa!,escalation
Get a human online right now token payment stuck for Emaar Luxury Villa!,escalation
is the emaar sector society approved by lda or dha?,faq
how much is the registry for dha apartment?,faq
I want to cancel my booking for 3 BHK Phase in Blue Area because of this bad service!,escalation
i am interested in buying a 5 marla plot file in giga mall.,lead_capture
Is teh Johar Town Sector society approved by LDA or DHA,faq
What is the transfer fee for DHA Apartment?,faq
URGENT: MY DOWN PAYMENT FAILED BUT MONEY WAS DEDUCTED FOR DHA APARTMENT!,escalation
I am interested in buying a 5 Marla Luxury Villa in Giga Mall.,lead_capture
Is the Bahria Town Sector society approved by LDA or DHA,faq
Why is my Registry delayed for Bahria Town House,escalation
CAN YOU SHARE THE BROKER NUMBER FOR DHA SECTOR?,lead_capture
is the 1 kanal commercial shop in dha near any main road,faq
Can you share the broker number for Clifton Sector?,lead_capture
i want a call back regarding 4 bhk penthouse plot in johar town.,lead_capture
I want to cancel my booking for 3 BHK Plot File in Giga Mall because of this bad service!,escalation
I want to cancel my booking for 3 BHK Sector in Giga Mall because of this bad service!,escalation
Urgent complaint regarding the transfer fee for Bahria Town Plot File!,escalation
is there an available 3 bhk plot file in clifton for immediate sale?,lead_capture
what are the amenities provided in johar town apartment?,faq
i am interested in buying a 2 bhk phase in bahria town.,lead_capture
I've emailed three times about my Studio Apartment in Blue Area and no response!,escalation
"I want to book a 1 Kanal Plot in Clifton, call me at 0312 7654321.",lead_capture
I want to lodge a formal complaint against the agent for Gulberg Commercial Shop!,escalation
"I am looking for a luxury Sector in Clifton, can you help?",lead_capture
Is the 3 BHK House in Blue Area near any main road?,faq
What is the possession timeline for 2 Kanal Plot File in Clifton?,faq
I will not pay the Down Paymnt until a human explains the delay!,escalation
Can I book a physical site-tour for DHA House?,lead_capture
I will not pay the Down Payment until a human explains the delay!,escalation
I want to know about the payment plan for 10 Marla Sector in DHA.,faq
Is the 1 Kanal Sector in Emaar near any main road?,faq
What is the current market rate for 10 Marla Phase in Johar Town?,faq
How many 10 Marla Phase are left in Emaar Phase?,faq
Is teh DHA Sector society approved by LDA or DHA?,faq
"I want to book a 4 BHK penthouse Apartment in Giga Mall, call me at +92 321 9876543.",lead_capture
how much is the transfer fee for johar town house,faq
"I am looking for a luxury Luxury Villa in Johar Town, can you help?",lead_capture
"This bot is useless, connect me to the manager of Giga Mall society!",escalation
i want to visit giga mall this weekend to see studio apartments.,lead_capture
Does the 4 BHK penthouse Commercial Shop in Johar Town have gym?,faq
I paid the Installment Plan for Blue Area Apartment and it's still not updated!,escalation
i am looking for a 10 marla house in gulberg. please contact me at client123@yahoo.com.,lead_capture
i am interested in buying a 2 bhk commercial shop in johar town.,lead_capture
I am interested in buying a 10 Marla Commercial Shop in Bahria Town.,lead_capture
I want a call back regarding 10 Marla Plot File in Giga Mall.,lead_capture
I want to cancel my booking for 5 Marla Phase in DHA because of this bad service!,escalation
I will not pay teh Transfer fee until a human explains the delay!,escalation
Urgent: my Transfer fee failed but money was deducted for Bahria Town Luxury Villa!,escalation
Get a human online right now token payment stuck for Clifton Luxury Villa!,escalation
Can I book a physical site-tour for Gulberg House?,lead_capture
Can you give me teh dimensions of a 4 BHK penthouse Plot in Blue Area,faq
What is the possession timeline for 2 BHK Luxury Villa in Blue Area?,faq
I am looking for a 1 Kanal Phase in Bahria Town. Please contact me at realestate.buyer@outlook.com.,lead_capture
Can you share the broker number for Bahria Town Commercial Shop?,lead_capture
I want to invest in Johar Town Apartment. Do you have any 2 Kanal options?,lead_capture
I want to lodge a formal complaint against the agent for Bahria Town Apartment!,escalation
Are there any 2 BHK Commercial Shop available in Gulberg?,faq
Why is my Possession charges delayed for Emaar Sector?,escalation
Urgent: my Registry failed but money was deducted for Giga Mall Apartment!,escalation
What is the security situation in DHA Plot File?,faq
What are the Installment Plan for a 3 BHK Commercial Shop in Bahria Town?,faq
"I'm very interested in the 10 Marla Sector in DHA, how do I proceed?",lead_capture
I am looking for a 2 Kanal House in Gulberg. Please contact me at investor.pk@gmail.com.,lead_capture
what is the possession timeline for 4 bhk penthouse plot file in johar town?,faq
i paid the token money for johar town luxury villa and it's still not updated!,escalation
i've emailed three times about my 1 kanal apartment in gulberg and no response!,escalation
I paid the Down Payment for DHA Apartment and it's still not updated!,escalation
I'm ready to pay the Transfer fee for a Studio Apartment in Emaar.,lead_capture
I want to invest in Clifton Apartment. Do you have any Studio options?,lead_capture
What are the amenities provided in Gulberg Plot File?,faq
"I'M SICK OF THIS BOT, GET ME A MANAGER NOW!",escalation
I will not pay the Token Money until a human explains the delay!,escalation
I will not pay the Down Payment until a human explains teh delay!,escalation
can you share the broker number for gulberg sector?,lead_capture
what is the transfer fee for dha plot?,faq
Are there any Studio Plot available in DHA?,faq
I want a call back regarding 2 Kanal Luxury Villa in Emaar.,lead_capture
Is there an availabl 5 Marla Phase in Giga Mall for immediate sale?,lead_capture
What are the Installment Plan for a 1 Kanal Luxury Villa in Clifton?,faq
I want to cancel my booking for Studio Plot File in DHA because of this bad service!,escalation
why is my installment plan delayed for bahria town sector?,escalation
I want a call back regarding 2 Kanal Apartment in Gulberg.,lead_capture
"I want to book a 4 BHK penthouse Commercial Shop in DHA, call me at 0312 7654321.",lead_capture
"I am reporting this to the society head, the Registry process is a scam!",escalation
"i want to book a 3 bhk apartment in gulberg, call me at 0345 5566778.",lead_capture
Please Wapp me the details of 3 BHK Sector in DHA at 0345 5566778.,lead_capture
what are the transfer fee for a 4 bhk penthouse commercial shop in emaar,faq
Is teh 4 BHK penthouse House in Giga Mall near any main road,faq
I am interested in buying a 2 BHK Luxury Villa in Bahria Town.,lead_capture
are there any hidden token money for dha plot file,faq
are there any 2 bhk plot available in johar town?,faq
Send me teh current price list for 1 Kanal Plot File in DHA.,lead_capture
I want to cancel my booking for 2 BHK Luxury Villa in Clifton because of this bad service!,escalation
I want to cancel my booking for 5 Marla Apartment in Emaar because of this bad service!,escalation
"My payment of Crores Crores for Down Payment is stuck, fix it now!",escalation
My Token Money for Clifton Apartment was deducted but no confirmation received.,escalation
can you arrange a meeting with the agent for dha sector?,lead_capture
Is the Blue Area House society approved by LDA or DHA?,faq
I will not pay teh Installment Plan until a human explains the delay!,escalation
Why is the Transfer fee not reflecting in my portal for DHA Plot File,escalation
Urgent: my Token Money failed but money was deducted for DHA Plot File!,escalation
Can I book a physical site-tour for Giga Mall Plot?,lead_capture
tell me about the down payment for giga mall apartment.,faq
I want to lodge a formal complaint against the agent for Gulberg Luxury Villa!,escalation
Why is my Token Money delayed for Emaar Phase?,escalation
Are there any 5 Marla Luxury Villa available in Johar Town?,faq
I want to cancel my booking for 2 BHK Apartment in Blue Area because of this bad service!,escalation
Tell me about the Down Payment for Johar Town Phase.,faq
I have a budget of PKR PKR for a 10 Marla Commercial Shop in Clifton.,lead_capture
What are the Installment Plan for a 2 BHK Commercial Shop in Gulberg,faq
"My payment of PKR PKR for Installment Plan is stuck, fix it now!",escalation
send me the current price list for 5 marla apartment in bahria town.,lead_capture
I am interested in buying a 1 Kanal Plot File in Bahria Town.,lead_capture
I want to cancel my booking for 5 Marla Phase in Gulberg because of this bad service!,escalation
Why is the Token Money not reflecting in my portal for Johar Town Luxury Villa?,escalation
interested in studio sector in gulberg. please call back on 0312 7654321.,lead_capture
i will not pay teh installment plan until a human explains the delay!,escalation
is dha house currently in possession,faq
I am interested in buying a 1 Kanal Luxury Villa in Blue Area.,lead_capture
How many 3 BHK Plot File are left in Bahria Town Plot File?,faq
Is the Emaar House society approved by LDA or DHA?,faq
I will not pay the Registry until a human explains the delay!,escalation
Can I get a 2 Kanal Luxury Villa on an installment plan in Gulberg?,faq
I want to know about teh payment plan for 2 Kanal House in Bahria Town.,faq
How much is the Installment Plan for Gulberg Plot?,faq
Why is the Installment Plan not reflecting in my portal for Emaar Commercial Shop,escalation
Can I book a physical site-tour for Emaar Luxury Villa?,lead_capture
I want to know about the paymnt plan for 3 BHK Plot File in Bahria Town.,faq
What is the total prce of a 2 Kanal Apartment in Giga Mall?,faq
Can I get a 2 BHK Sector on an installment plan in Johar Town?,faq
Please send me the full brochure and payment plan for Johar Town Luxury Villa on my email user@example.com.,lead_capture
Can I get a 4 BHK penthouse Plot on an installment plan in Bahria Town?,faq
I am looking for a Studio Commercial Shop in DHA. Please contact me at realestate.buyer@outlook.com.,lead_capture
Urgent: my Possession charges failed but money was deducted for Clifton Commercial Shop!,escalation
Are there any 10 Marla Sector available in Johar Town,faq
Why is teh Down Payment not reflecting in my portal for Johar Town Commercial Shop?,escalation
How much is the Transfer fee for Johar Town Luxury Villa?,faq
Interested in 2 BHK Apartment in Johar Town. Please call back on 0312 7654321.,lead_capture
What is the possession timeline for 2 Kanal Commercial Shop in DHA,faq
I want a call back regarding Studio Luxury Villa in Giga Mall.,lead_capture
interested in 5 marla luxury villa in clifton. please call back on +92 300 1234567.,lead_capture
I'm ready to pay the Down Payment for a 1 Kanal Commercial Shop in Gulberg.,lead_capture
Why is my Possession charges delayed for DHA Apartment?,escalation
Can you arrange a meeting with teh agent for Blue Area Phase?,lead_capture
How many 2 Kanal Sector are left in Johar Town Sector?,faq
i want to invest in blue area house. do you have any 5 marla options?,lead_capture
WHAT ARE THE INSTALLMENT PLAN FOR A 2 BHK PHASE IN DHA?,faq
"MY PAYMENT OF CRORES CRORES FOR INSTALLMENT PLAN IS STUCK, FIX IT NOW!",escalation
tell me the difference between 1 kanal and 1 kanal in bahria town.,faq
get a human online right now token payment stuck for johar town apartment!,escalation
i have a budget of crores crores for a 10 marla house in johar town.,lead_capture
I paid the Possession charges for Giga Mall Sector and it's still not updated!,escalation
Please send me the full brochure and payment plan for Bahria Town Plot File on my email user@example.com.,lead_capture
What is the total price of a 1 Kanal Plot in DHA?,faq
What is the transfer fee for Johar Town Sector?,faq
Can I get a 1 Kanal Apartment on an installment plan in DHA?,faq
I want to visit Gulberg this weekend to see 3 BHK Plots.,lead_capture
I want a call back regarding 2 Kanal Plot in Giga Mall.,lead_capture
i paid the registry for dha apartment and it's still not updated!,escalation
What are the amenities provided in DHA Commercial Shop?,faq
Interested in Studio Luxury Villa in Clifton. Please call back on 0345 5566778.,lead_capture
Why is the Installment Plan not reflecting in my portal for Johar Town Apartment?,escalation
Can you share teh broker number for Gulberg Plot?,lead_capture
i am looking for a 5 marla sector in clifton. please contact me at realestate.buyer@outlook.com.,lead_capture
Is there an available 4 BHK penthouse Sector in Clifton for immediate sale?,lead_capture
Tell me about the Transfer fee for DHA Plot File.,faq
Why is my Registry delayed for Emaar Commercial Shop?,escalation
Does the 3 BHK Phase in Blue Area have security?,faq
Why is my Installment Plan delayed for Bahria Town Plot?,escalation
are there any 1 kanal luxury villa available in johar town,faq
I want to visit DHA this weekend to see 2 Kanal Commercial Shops.,lead_capture
Get a human online right now token payment stuck for Clifton Apartment!,escalation
What is the total price of a Studio Luxury Villa in Blue Area?,faq
what is the possession timeline for 1 kanal luxury villa in bahria town?,faq
Why is the Token Money not reflecting in my portal for Blue Area Apartment?,escalation
Can you share the broker number for Blue Area Phase?,lead_capture
Interested in 3 BHK Plot in Johar Town. Please call back on +92 321 9876543.,lead_capture
